County,FIPS,Year,Age,Gender,Ethnicity,Rate (per 10k),Rate predict
Alameda,06001,2014,0-4,female,african,329.94,299.221777778
Alameda,06001,2014,0-4,male,african,596.67,618.332822222
Alameda,06001,2014,5-17,female,african,223.52,225.082222222
Alameda,06001,2014,5-17,male,african,304.49,254.442055556
Alameda,06001,2014,0-4,female,asian,39.63,39.2032222222
Alameda,06001,2014,0-4,male,asian,74.65,116.838555556
Alameda,06001,2014,5-17,female,asian,17.94,37.3447
Alameda,06001,2014,5-17,male,asian,31.88,61.1625333333
Alameda,06001,2014,0-4,female,hispanic,94.97,39.2032222222
Alameda,06001,2014,0-4,male,hispanic,196.55,116.838555556
Alameda,06001,2014,5-17,female,hispanic,70.25,37.3447
Alameda,06001,2014,5-17,male,hispanic,101.44,61.1625333333
Alameda,06001,2014,0-4,female,other,185.09,197.256288889
Alameda,06001,2014,0-4,male,other,422.13,371.863477778
Alameda,06001,2014,5-17,female,other,123.04,134.196655556
Alameda,06001,2014,5-17,male,other,170.9,181.344022222
Alameda,06001,2014,0-4,female,white,37.28,39.2032222222
Alameda,06001,2014,0-4,male,white,67.38,116.838555556
Alameda,06001,2014,5-17,female,white,25.59,37.3447
Alameda,06001,2014,5-17,male,white,39.69,61.1625333333
Amador,06005,2014,5-17,female,white,107.87,104.312733333
Amador,06005,2014,5-17,male,white,87.21,110.665555556
Butte,06007,2014,5-17,male,african,479.26,372.283055556
Butte,06007,2014,0-4,male,hispanic,160.61,144.911777778
Butte,06007,2014,5-17,male,hispanic,49.15,54.74
Butte,06007,2014,0-4,female,white,70.65,70.0725555556
Butte,06007,2014,0-4,male,white,133.26,144.911777778
Butte,06007,2014,5-17,female,white,63.68,61.2111111111
Butte,06007,2014,5-17,male,white,58.95,54.74
Calaveras,06009,2014,0-4,male,white,194.03,211.385655556
Calaveras,06009,2014,5-17,female,white,83.13,75.6936
Calaveras,06009,2014,5-17,male,white,86.79,85.5557777778
Colusa,06011,2014,5-17,male,hispanic,72.76,76.7772444444
Contra Costa,06013,2014,0-4,female,african,296.63,298.544844444
Contra Costa,06013,2014,0-4,male,african,553.77,511.682722222
Contra Costa,06013,2014,5-17,female,african,293.51,252.518822222
Contra Costa,06013,2014,5-17,male,african,306.93,256.191211111
Contra Costa,06013,2014,0-4,female,asian,61.84,72.8471746032
Contra Costa,06013,2014,0-4,male,asian,68.49,122.833902381
Contra Costa,06013,2014,5-17,female,asian,22.29,59.5973333333
Contra Costa,06013,2014,5-17,male,asian,44.34,66.4926888889
Contra Costa,06013,2014,0-4,female,hispanic,108.9,72.8471746032
Contra Costa,06013,2014,0-4,male,hispanic,168.73,122.833902381
Contra Costa,06013,2014,5-17,female,hispanic,71.27,59.5973333333
Contra Costa,06013,2014,5-17,male,hispanic,113.35,66.4926888889
Contra Costa,06013,2014,0-4,female,other,75.19,79.5291111111
Contra Costa,06013,2014,0-4,male,other,234.03,215.414766667
Contra Costa,06013,2014,5-17,female,other,61.54,64.0817
Contra Costa,06013,2014,5-17,male,other,124.24,117.829111111
Contra Costa,06013,2014,0-4,female,white,35.2,72.8471746032
Contra Costa,06013,2014,0-4,male,white,70.74,122.833902381
Contra Costa,06013,2014,5-17,female,white,36.17,59.5973333333
Contra Costa,06013,2014,5-17,male,white,37.82,66.4926888889
El Dorado,06017,2014,5-17,female,hispanic,46.69,40.2139777778
El Dorado,06017,2014,5-17,male,hispanic,40.98,40.4149444444
El Dorado,06017,2014,5-17,female,other,211.19,343.947111111
El Dorado,06017,2014,5-17,male,other,143.8,368.570444444
El Dorado,06017,2014,0-4,male,white,81.44,88.3166222222
El Dorado,06017,2014,5-17,female,white,37.84,40.2139777778
El Dorado,06017,2014,5-17,male,white,47.67,40.4149444444
Fresno,06019,2014,0-4,female,african,413.65,398.795222222
Fresno,06019,2014,0-4,male,african,774.68,672.672533333
Fresno,06019,2014,5-17,female,african,208.31,229.0718
Fresno,06019,2014,5-17,male,african,372.57,353.660822222
Fresno,06019,2014,0-4,female,asian,72.39,129.928622222
Fresno,06019,2014,0-4,male,asian,104.19,136.5074
Fresno,06019,2014,5-17,female,asian,28.17,91.8295888889
Fresno,06019,2014,5-17,male,asian,36.59,134.279866667
Fresno,06019,2014,0-4,female,hispanic,175.3,129.928622222
Fresno,06019,2014,0-4,male,hispanic,285.19,136.5074
Fresno,06019,2014,5-17,female,hispanic,111.08,91.8295888889
Fresno,06019,2014,5-17,male,hispanic,164.81,134.279866667
Fresno,06019,2014,0-4,male,other,94.72,295.3517
Fresno,06019,2014,5-17,female,other,39.45,76.3123333333
Fresno,06019,2014,5-17,male,other,93.74,224.682211111
Fresno,06019,2014,0-4,female,white,136.65,129.928622222
Fresno,06019,2014,0-4,male,white,187.07,136.5074
Fresno,06019,2014,5-17,female,white,106.29,91.8295888889
Fresno,06019,2014,5-17,male,white,146.99,134.279866667
Humboldt,06023,2014,0-4,male,white,111.51,131.577404762
Humboldt,06023,2014,5-17,female,white,78.47,68.8205555556
Humboldt,06023,2014,5-17,male,white,52.69,60.1586666667
Imperial,06025,2014,0-4,female,hispanic,65.26,101.337777778
Imperial,06025,2014,0-4,male,hispanic,154.6,238.199777778
Imperial,06025,2014,5-17,female,hispanic,114.96,126.132888889
Imperial,06025,2014,5-17,male,hispanic,212.78,164.984166667
Imperial,06025,2014,5-17,female,white,133.86,126.132888889
Imperial,06025,2014,5-17,male,white,148.06,164.984166667
Kern,06029,2014,0-4,female,african,282.43,374.530066667
Kern,06029,2014,0-4,male,african,579.56,518.092777778
Kern,06029,2014,5-17,female,african,304.28,247.265
Kern,06029,2014,5-17,male,african,333.77,323.969277778
Kern,06029,2014,0-4,female,hispanic,66.59,71.3261111111
Kern,06029,2014,0-4,male,hispanic,134.84,128.108580952
Kern,06029,2014,5-17,female,hispanic,61.7,68.353
Kern,06029,2014,5-17,male,hispanic,99.81,89.3480555556
Kern,06029,2014,0-4,male,other,171.34,439.6309
Kern,06029,2014,5-17,female,other,50.02,126.864388889
Kern,06029,2014,5-17,male,other,91.51,162.136722222
Kern,06029,2014,0-4,female,white,74.02,71.3261111111
Kern,06029,2014,0-4,male,white,123.6,128.108580952
Kern,06029,2014,5-17,female,white,71.5,68.353
Kern,06029,2014,5-17,male,white,89.62,89.3480555556
Kings,06031,2014,5-17,female,african,200.52,265.783833333
Kings,06031,2014,5-17,male,african,591.78,344.487622222
Kings,06031,2014,0-4,female,hispanic,60.21,93.2228888889
Kings,06031,2014,0-4,male,hispanic,261.4,261.0755
Kings,06031,2014,5-17,female,hispanic,76.23,94.2668888889
Kings,06031,2014,5-17,male,hispanic,134.97,115.428885714
Kings,06031,2014,0-4,female,white,131.25,93.2228888889
Kings,06031,2014,0-4,male,white,178.67,261.0755
Kings,06031,2014,5-17,female,white,126.04,94.2668888889
Kings,06031,2014,5-17,male,white,188.8,115.428885714
Lake,06033,2014,0-4,female,white,123.97,157.512755556
Lake,06033,2014,0-4,male,white,197.93,181.7595
Lake,06033,2014,5-17,female,white,59.48,58.4247777778
Lake,06033,2014,5-17,male,white,92.14,77.7489444444
Los Angeles,06037,2014,0-4,female,african,247.9,247.995266667
Los Angeles,06037,2014,0-4,male,african,416.86,454.154777778
Los Angeles,06037,2014,5-17,female,african,194.3,189.268555556
Los Angeles,06037,2014,5-17,male,african,312.75,290.599611111
Los Angeles,06037,2014,0-4,female,asian,23.48,60.8147333333
Los Angeles,06037,2014,0-4,male,asian,48.53,108.860666667
Los Angeles,06037,2014,5-17,female,asian,15.4,27.7989444444
Los Angeles,06037,2014,5-17,male,asian,32.89,49.07
Los Angeles,06037,2014,0-4,female,hispanic,70.09,60.8147333333
Los Angeles,06037,2014,0-4,male,hispanic,134.56,108.860666667
Los Angeles,06037,2014,5-17,female,hispanic,60.47,27.7989444444
Los Angeles,06037,2014,5-17,male,hispanic,101.05,49.07
Los Angeles,06037,2014,0-4,female,other,94.5,97.7019444444
Los Angeles,06037,2014,0-4,male,other,189.94,201.299466667
Los Angeles,06037,2014,5-17,female,other,81.04,91.3050444444
Los Angeles,06037,2014,5-17,male,other,133.77,134.485666667
Los Angeles,06037,2014,0-4,female,white,35.16,60.8147333333
Los Angeles,06037,2014,0-4,male,white,68.91,108.860666667
Los Angeles,06037,2014,5-17,female,white,39.18,27.7989444444
Los Angeles,06037,2014,5-17,male,white,54.63,49.07
Madera,06039,2014,0-4,female,hispanic,190.41,153.462888889
Madera,06039,2014,0-4,male,hispanic,285.28,272.819
Madera,06039,2014,5-17,female,hispanic,85.12,88.4612222222
Madera,06039,2014,5-17,male,hispanic,136.85,110.388888889
Madera,06039,2014,0-4,female,white,127.27,153.462888889
Madera,06039,2014,0-4,male,white,240.96,272.819
Madera,06039,2014,5-17,female,white,82.13,88.4612222222
Madera,06039,2014,5-17,male,white,91.59,110.388888889
Marin,06041,2014,5-17,male,african,315.09,255.162233333
Marin,06041,2014,0-4,male,hispanic,145.45,98.6205555556
Marin,06041,2014,5-17,female,hispanic,35.19,30.7606888889
Marin,06041,2014,5-17,male,hispanic,61.6,44.3892777778
Marin,06041,2014,0-4,male,white,50.1,98.6205555556
Marin,06041,2014,5-17,female,white,29.46,30.7606888889
Marin,06041,2014,5-17,male,white,23.73,44.3892777778
Mendocino,06045,2014,5-17,male,hispanic,103.13,69.4952777778
Mendocino,06045,2014,0-4,female,other,557.77,397.782333333
Mendocino,06045,2014,5-17,female,white,50.03,70.7751333333
Mendocino,06045,2014,5-17,male,white,67.7,69.4952777778
Merced,06047,2014,0-4,male,african,1322.75,1087.28755556
Merced,06047,2014,5-17,female,african,311.34,296.291422222
Merced,06047,2014,5-17,male,african,440.64,441.025222222
Merced,06047,2014,0-4,female,hispanic,135.36,126.205611111
Merced,06047,2014,0-4,male,hispanic,240.53,239.292746032
Merced,06047,2014,5-17,female,hispanic,72.52,106.2388
Merced,06047,2014,5-17,male,hispanic,152.4,116.359833333
Merced,06047,2014,0-4,female,white,102.7,126.205611111
Merced,06047,2014,0-4,male,white,262.33,239.292746032
Merced,06047,2014,5-17,female,white,79.06,106.2388
Merced,06047,2014,5-17,male,white,112.8,116.359833333
Monterey,06053,2014,0-4,female,hispanic,91.59,78.1893555556
Monterey,06053,2014,0-4,male,hispanic,129.86,115.708611111
Monterey,06053,2014,5-17,female,hispanic,59.28,46.2365333333
Monterey,06053,2014,5-17,male,hispanic,93.65,58.2296666667
Monterey,06053,2014,5-17,female,other,95.56,96.3616333333
Monterey,06053,2014,5-17,male,other,79.39,108.240412698
Monterey,06053,2014,0-4,female,white,59.52,78.1893555556
Monterey,06053,2014,0-4,male,white,60.79,115.708611111
Monterey,06053,2014,5-17,female,white,38.08,46.2365333333
Monterey,06053,2014,5-17,male,white,46.79,58.2296666667
Napa,06055,2014,0-4,female,hispanic,63.05,62.7081111111
Napa,06055,2014,0-4,male,hispanic,103.42,98.8147333333
Napa,06055,2014,5-17,female,hispanic,47.12,37.8758888889
Napa,06055,2014,5-17,male,hispanic,64.23,60.9263333333
Napa,06055,2014,0-4,male,white,108.11,98.8147333333
Napa,06055,2014,5-17,female,white,41.57,37.8758888889
Napa,06055,2014,5-17,male,white,58.51,60.9263333333
Nevada,06057,2014,0-4,male,white,77.37,81.8010333333
Nevada,06057,2014,5-17,female,white,28.18,43.3419777778
Nevada,06057,2014,5-17,male,white,33.65,42.2079444444
Orange,06059,2014,0-4,female,african,191.24,189.349077778
Orange,06059,2014,0-4,male,african,251.52,288.055833333
Orange,06059,2014,5-17,female,african,144.55,142.5482
Orange,06059,2014,5-17,male,african,220.2,204.311936508
Orange,06059,2014,0-4,female,asian,23.79,43.2198111111
Orange,06059,2014,0-4,male,asian,51.38,86.0307555556
Orange,06059,2014,5-17,female,asian,14.33,33.7914444444
Orange,06059,2014,5-17,male,asian,26.59,40.7376555556
Orange,06059,2014,0-4,female,hispanic,60.42,43.2198111111
Orange,06059,2014,0-4,male,hispanic,113.62,86.0307555556
Orange,06059,2014,5-17,female,hispanic,43.17,33.7914444444
Orange,06059,2014,5-17,male,hispanic,70.11,40.7376555556
Orange,06059,2014,0-4,female,other,55.73,73.5034222222
Orange,06059,2014,0-4,male,other,142.02,138.754133333
Orange,06059,2014,5-17,female,other,48.97,47.7029444444
Orange,06059,2014,5-17,male,other,55.46,65.8746666667
Orange,06059,2014,0-4,female,white,49.87,43.2198111111
Orange,06059,2014,0-4,male,white,94.29,86.0307555556
Orange,06059,2014,5-17,female,white,34.74,33.7914444444
Orange,06059,2014,5-17,male,white,50.57,40.7376555556
Placer,06061,2014,5-17,male,african,441.01,277.850166667
Placer,06061,2014,0-4,male,hispanic,69.51,71.7641888889
Placer,06061,2014,5-17,female,hispanic,20.95,41.1235888889
Placer,06061,2014,5-17,male,hispanic,25.06,40.1084444444
Placer,06061,2014,0-4,female,white,26.61,31.9463111111
Placer,06061,2014,0-4,male,white,70.02,71.7641888889
Placer,06061,2014,5-17,female,white,45.59,41.1235888889
Placer,06061,2014,5-17,male,white,40.61,40.1084444444
Riverside,06065,2014,0-4,female,african,173.03,202.200755556
Riverside,06065,2014,0-4,male,african,361.73,366.364311111
Riverside,06065,2014,5-17,female,african,172.71,158.110388889
Riverside,06065,2014,5-17,male,african,239.93,237.752433333
Riverside,06065,2014,0-4,male,asian,33.0,83.28
Riverside,06065,2014,5-17,female,asian,13.67,42.0177777778
Riverside,06065,2014,5-17,male,asian,27.11,57.4130111111
Riverside,06065,2014,0-4,female,hispanic,40.58,43.0358333333
Riverside,06065,2014,0-4,male,hispanic,75.59,83.28
Riverside,06065,2014,5-17,female,hispanic,40.13,42.0177777778
Riverside,06065,2014,5-17,male,hispanic,69.56,57.4130111111
Riverside,06065,2014,0-4,female,other,41.47,69.3719444444
Riverside,06065,2014,0-4,male,other,122.02,205.604111111
Riverside,06065,2014,5-17,female,other,53.62,78.6119444444
Riverside,06065,2014,5-17,male,other,71.5,80.4156412698
Riverside,06065,2014,0-4,female,white,41.79,43.0358333333
Riverside,06065,2014,0-4,male,white,101.78,83.28
Riverside,06065,2014,5-17,female,white,46.44,42.0177777778
Riverside,06065,2014,5-17,male,white,60.99,57.4130111111
Sacramento,06067,2014,0-4,female,african,258.16,242.205142857
Sacramento,06067,2014,0-4,male,african,486.92,462.582055556
Sacramento,06067,2014,5-17,female,african,220.87,195.258288889
Sacramento,06067,2014,5-17,male,african,308.85,268.9266
Sacramento,06067,2014,0-4,female,asian,25.14,52.5050222222
Sacramento,06067,2014,0-4,male,asian,80.86,112.278871717
Sacramento,06067,2014,5-17,female,asian,14.59,40.7493111111
Sacramento,06067,2014,5-17,male,asian,51.61,63.7607555556
Sacramento,06067,2014,0-4,female,hispanic,73.93,52.5050222222
Sacramento,06067,2014,0-4,male,hispanic,143.0,112.278871717
Sacramento,06067,2014,5-17,female,hispanic,49.17,40.7493111111
Sacramento,06067,2014,5-17,male,hispanic,85.09,63.7607555556
Sacramento,06067,2014,0-4,female,other,61.62,80.4148888889
Sacramento,06067,2014,0-4,male,other,109.08,141.668966667
Sacramento,06067,2014,5-17,female,other,59.27,59.5150555556
Sacramento,06067,2014,5-17,male,other,71.54,93.5735
Sacramento,06067,2014,0-4,female,white,47.73,52.5050222222
Sacramento,06067,2014,0-4,male,white,119.61,112.278871717
Sacramento,06067,2014,5-17,female,white,52.29,40.7493111111
Sacramento,06067,2014,5-17,male,white,57.71,63.7607555556
San Benito,06069,2014,5-17,female,hispanic,59.47,67.3671666667
San Benito,06069,2014,5-17,male,hispanic,109.29,96.1790555556
San Bernardino,06071,2014,0-4,female,african,244.66,247.691688889
San Bernardino,06071,2014,0-4,male,african,478.31,511.064622222
San Bernardino,06071,2014,5-17,female,african,208.88,197.301311111
San Bernardino,06071,2014,5-17,male,african,307.05,285.917488889
San Bernardino,06071,2014,0-4,male,asian,44.61,66.5352063492
San Bernardino,06071,2014,5-17,male,asian,31.84,78.3865555556
San Bernardino,06071,2014,0-4,female,hispanic,49.05,61.3658412698
San Bernardino,06071,2014,0-4,male,hispanic,108.46,66.5352063492
San Bernardino,06071,2014,5-17,female,hispanic,49.16,49.8676111111
San Bernardino,06071,2014,5-17,male,hispanic,82.26,78.3865555556
San Bernardino,06071,2014,0-4,female,other,119.52,116.849444444
San Bernardino,06071,2014,0-4,male,other,212.97,244.186888889
San Bernardino,06071,2014,5-17,female,other,108.44,113.357222222
San Bernardino,06071,2014,5-17,male,other,169.71,152.899333333
San Bernardino,06071,2014,0-4,female,white,66.91,61.3658412698
San Bernardino,06071,2014,0-4,male,white,126.26,66.5352063492
San Bernardino,06071,2014,5-17,female,white,58.2,49.8676111111
San Bernardino,06071,2014,5-17,male,white,79.99,78.3865555556
San Diego,06073,2014,0-4,female,african,205.33,205.712166667
San Diego,06073,2014,0-4,male,african,352.5,350.603222222
San Diego,06073,2014,5-17,female,african,111.54,112.743433333
San Diego,06073,2014,5-17,male,african,177.97,174.559766667
San Diego,06073,2014,0-4,female,asian,47.74,52.9412333333
San Diego,06073,2014,0-4,male,asian,86.64,100.524111111
San Diego,06073,2014,5-17,female,asian,15.2,19.5538333333
San Diego,06073,2014,5-17,male,asian,30.78,48.3616111111
San Diego,06073,2014,0-4,female,hispanic,67.91,52.9412333333
San Diego,06073,2014,0-4,male,hispanic,133.56,100.524111111
San Diego,06073,2014,5-17,female,hispanic,45.64,19.5538333333
San Diego,06073,2014,5-17,male,hispanic,69.76,48.3616111111
San Diego,06073,2014,0-4,female,other,98.29,102.753111111
San Diego,06073,2014,0-4,male,other,184.99,184.368044444
San Diego,06073,2014,5-17,female,other,62.59,56.2145111111
San Diego,06073,2014,5-17,male,other,73.15,77.85
San Diego,06073,2014,0-4,female,white,36.59,52.9412333333
San Diego,06073,2014,0-4,male,white,71.56,100.524111111
San Diego,06073,2014,5-17,female,white,25.17,19.5538333333
San Diego,06073,2014,5-17,male,white,35.13,48.3616111111
San Francisco,06075,2014,0-4,female,african,314.59,247.531901587
San Francisco,06075,2014,0-4,male,african,511.21,523.3204
San Francisco,06075,2014,5-17,female,african,186.43,141.789644444
San Francisco,06075,2014,5-17,male,african,242.34,198.489444444
San Francisco,06075,2014,0-4,female,asian,29.63,51.403
San Francisco,06075,2014,0-4,male,asian,68.45,77.0067333333
San Francisco,06075,2014,5-17,female,asian,35.69,31.2563333333
San Francisco,06075,2014,5-17,male,asian,38.55,58.6464444444
San Francisco,06075,2014,0-4,female,hispanic,70.6,51.403
San Francisco,06075,2014,0-4,male,hispanic,137.92,77.0067333333
San Francisco,06075,2014,5-17,female,hispanic,72.1,31.2563333333
San Francisco,06075,2014,5-17,male,hispanic,98.68,58.6464444444
San Francisco,06075,2014,0-4,female,other,63.39,72.8582222222
San Francisco,06075,2014,0-4,male,other,181.56,217.669984127
San Francisco,06075,2014,5-17,female,other,67.19,86.7852222222
San Francisco,06075,2014,5-17,male,other,97.43,103.810111111
San Francisco,06075,2014,0-4,female,white,51.29,51.403
San Francisco,06075,2014,0-4,male,white,45.48,77.0067333333
San Francisco,06075,2014,5-17,female,white,26.85,31.2563333333
San Francisco,06075,2014,5-17,male,white,32.33,58.6464444444
San Joaquin,06077,2014,0-4,female,african,308.64,262.207
San Joaquin,06077,2014,0-4,male,african,505.0,499.085466667
San Joaquin,06077,2014,5-17,female,african,195.8,198.493822222
San Joaquin,06077,2014,5-17,male,african,342.33,276.250933333
San Joaquin,06077,2014,0-4,male,asian,81.78,127.9235
San Joaquin,06077,2014,5-17,female,asian,26.37,42.2815333333
San Joaquin,06077,2014,5-17,male,asian,33.41,79.0773333333
San Joaquin,06077,2014,0-4,female,hispanic,62.46,68.1724444444
San Joaquin,06077,2014,0-4,male,hispanic,136.69,127.9235
San Joaquin,06077,2014,5-17,female,hispanic,51.7,42.2815333333
San Joaquin,06077,2014,5-17,male,hispanic,93.14,79.0773333333
San Joaquin,06077,2014,0-4,female,other,114.56,118.078977778
San Joaquin,06077,2014,0-4,male,other,145.75,150.499777778
San Joaquin,06077,2014,5-17,female,other,72.66,79.5881555556
San Joaquin,06077,2014,5-17,male,other,125.97,116.146666667
San Joaquin,06077,2014,0-4,female,white,80.57,68.1724444444
San Joaquin,06077,2014,0-4,male,white,114.4,127.9235
San Joaquin,06077,2014,5-17,female,white,54.2,42.2815333333
San Joaquin,06077,2014,5-17,male,white,66.8,79.0773333333
San Luis Obispo,06079,2014,0-4,female,hispanic,68.38,67.3147222222
San Luis Obispo,06079,2014,0-4,male,hispanic,51.59,68.2585111111
San Luis Obispo,06079,2014,5-17,female,hispanic,49.07,43.2578888889
San Luis Obispo,06079,2014,5-17,male,hispanic,52.64,52.3938333333
San Luis Obispo,06079,2014,0-4,male,white,110.39,68.2585111111
San Luis Obispo,06079,2014,5-17,female,white,34.76,43.2578888889
San Luis Obispo,06079,2014,5-17,male,white,54.37,52.3938333333
San Mateo,06081,2014,5-17,male,african,91.27,109.890388889
San Mateo,06081,2014,0-4,female,asian,40.89,47.2893333333
San Mateo,06081,2014,0-4,male,asian,43.04,55.9838333333
San Mateo,06081,2014,5-17,female,asian,24.88,36.8113555556
San Mateo,06081,2014,5-17,male,asian,23.11,55.9528190476
San Mateo,06081,2014,0-4,female,hispanic,81.37,47.2893333333
San Mateo,06081,2014,0-4,male,hispanic,140.62,55.9838333333
San Mateo,06081,2014,5-17,female,hispanic,45.9,36.8113555556
San Mateo,06081,2014,5-17,male,hispanic,64.42,55.9528190476
San Mateo,06081,2014,0-4,female,other,108.4,113.559077778
San Mateo,06081,2014,0-4,male,other,162.19,176.205
San Mateo,06081,2014,5-17,female,other,71.14,78.2767777778
San Mateo,06081,2014,5-17,male,other,94.33,93.8130222222
San Mateo,06081,2014,0-4,female,white,25.24,47.2893333333
San Mateo,06081,2014,0-4,male,white,58.33,55.9838333333
San Mateo,06081,2014,5-17,female,white,28.07,36.8113555556
San Mateo,06081,2014,5-17,male,white,37.57,55.9528190476
Santa Barbara,06083,2014,0-4,female,hispanic,51.08,55.2448666667
Santa Barbara,06083,2014,0-4,male,hispanic,103.25,97.1916333333
Santa Barbara,06083,2014,5-17,female,hispanic,57.51,53.6337666667
Santa Barbara,06083,2014,5-17,male,hispanic,86.92,72.3602222222
Santa Barbara,06083,2014,0-4,female,white,57.75,55.2448666667
Santa Barbara,06083,2014,0-4,male,white,76.99,97.1916333333
Santa Barbara,06083,2014,5-17,female,white,55.14,53.6337666667
Santa Barbara,06083,2014,5-17,male,white,43.55,72.3602222222
Santa Clara,06085,2014,0-4,female,african,88.11,114.744666667
Santa Clara,06085,2014,0-4,male,african,117.48,156.448
Santa Clara,06085,2014,5-17,female,african,115.63,113.423944444
Santa Clara,06085,2014,5-17,male,african,133.95,140.072222222
Santa Clara,06085,2014,0-4,female,asian,31.0,42.3356444444
Santa Clara,06085,2014,0-4,male,asian,40.23,54.4062222222
Santa Clara,06085,2014,5-17,female,asian,9.13,30.9398333333
Santa Clara,06085,2014,5-17,male,asian,27.64,42.6444777778
Santa Clara,06085,2014,0-4,female,hispanic,52.19,42.3356444444
Santa Clara,06085,2014,0-4,male,hispanic,101.94,54.4062222222
Santa Clara,06085,2014,5-17,female,hispanic,37.07,30.9398333333
Santa Clara,06085,2014,5-17,male,hispanic,66.92,42.6444777778
Santa Clara,06085,2014,0-4,female,other,40.98,80.5913333333
Santa Clara,06085,2014,0-4,male,other,78.52,91.957
Santa Clara,06085,2014,5-17,female,other,35.32,34.1848888889
Santa Clara,06085,2014,5-17,male,other,36.87,59.6540444444
Santa Clara,06085,2014,0-4,female,white,16.33,42.3356444444
Santa Clara,06085,2014,0-4,male,white,52.43,54.4062222222
Santa Clara,06085,2014,5-17,female,white,26.82,30.9398333333
Santa Clara,06085,2014,5-17,male,white,26.89,42.6444777778
Santa Cruz,06087,2014,0-4,female,hispanic,106.08,113.327777778
Santa Cruz,06087,2014,0-4,male,hispanic,150.31,104.569777778
Santa Cruz,06087,2014,5-17,female,hispanic,62.22,49.4221555556
Santa Cruz,06087,2014,5-17,male,hispanic,99.77,72.3956666667
Santa Cruz,06087,2014,0-4,male,white,89.17,104.569777778
Santa Cruz,06087,2014,5-17,female,white,26.68,49.4221555556
Santa Cruz,06087,2014,5-17,male,white,30.44,72.3956666667
Shasta,06089,2014,5-17,male,hispanic,53.24,86.3489
Shasta,06089,2014,0-4,female,white,76.69,70.6222222222
Shasta,06089,2014,0-4,male,white,124.53,161.169484127
Shasta,06089,2014,5-17,female,white,72.16,65.8035833333
Shasta,06089,2014,5-17,male,white,90.26,86.3489
Siskiyou,06093,2014,5-17,male,white,68.43,69.0968111111
Solano,06095,2014,0-4,female,african,315.22,313.439311111
Solano,06095,2014,0-4,male,african,566.65,390.690444444
Solano,06095,2014,5-17,female,african,300.47,201.981888889
Solano,06095,2014,5-17,male,african,381.25,321.010922222
Solano,06095,2014,0-4,male,asian,137.54,128.217688889
Solano,06095,2014,5-17,female,asian,48.75,52.2536666667
Solano,06095,2014,5-17,male,asian,40.42,81.6250015873
Solano,06095,2014,0-4,female,hispanic,71.75,59.6943666667
Solano,06095,2014,0-4,male,hispanic,132.94,128.217688889
Solano,06095,2014,5-17,female,hispanic,55.09,52.2536666667
Solano,06095,2014,5-17,male,hispanic,95.01,81.6250015873
Solano,06095,2014,0-4,male,other,138.52,133.484444444
Solano,06095,2014,5-17,female,other,57.83,57.7965111111
Solano,06095,2014,5-17,male,other,54.17,65.4934
Solano,06095,2014,0-4,female,white,59.99,59.6943666667
Solano,06095,2014,0-4,male,white,115.2,128.217688889
Solano,06095,2014,5-17,female,white,57.62,52.2536666667
Solano,06095,2014,5-17,male,white,111.45,81.6250015873
Sonoma,06097,2014,5-17,male,african,310.18,294.122966667
Sonoma,06097,2014,0-4,female,hispanic,45.18,44.6642777778
Sonoma,06097,2014,0-4,male,hispanic,106.03,110.4232
Sonoma,06097,2014,5-17,female,hispanic,40.38,38.2748777778
Sonoma,06097,2014,5-17,male,hispanic,63.22,49.9779111111
Sonoma,06097,2014,0-4,female,white,34.81,44.6642777778
Sonoma,06097,2014,0-4,male,white,121.4,110.4232
Sonoma,06097,2014,5-17,female,white,37.96,38.2748777778
Sonoma,06097,2014,5-17,male,white,39.24,49.9779111111
Stanislaus,06099,2014,0-4,female,african,350.0,357.433666667
Stanislaus,06099,2014,0-4,male,african,714.29,462.167833333
Stanislaus,06099,2014,5-17,female,african,392.71,264.904711111
Stanislaus,06099,2014,5-17,male,african,463.98,388.350655556
Stanislaus,06099,2014,0-4,female,hispanic,65.28,66.7209333333
Stanislaus,06099,2014,0-4,male,hispanic,123.07,117.926433333
Stanislaus,06099,2014,5-17,female,hispanic,57.17,62.9961666667
Stanislaus,06099,2014,5-17,male,hispanic,104.96,93.6498777778
Stanislaus,06099,2014,5-17,female,other,78.9,158.834577778
Stanislaus,06099,2014,5-17,male,other,127.57,118.882722222
Stanislaus,06099,2014,0-4,female,white,63.66,66.7209333333
Stanislaus,06099,2014,0-4,male,white,155.04,117.926433333
Stanislaus,06099,2014,5-17,female,white,73.85,62.9961666667
Stanislaus,06099,2014,5-17,male,white,101.19,93.6498777778
Sutter,06101,2014,0-4,male,hispanic,93.19,84.002
Sutter,06101,2014,5-17,female,hispanic,54.13,47.7184666667
Sutter,06101,2014,5-17,male,hispanic,66.28,58.2257666667
Sutter,06101,2014,5-17,male,white,62.87,58.2257666667
Tehama,06103,2014,0-4,male,hispanic,209.21,195.613244444
Tehama,06103,2014,0-4,male,white,149.78,195.613244444
Tehama,06103,2014,5-17,female,white,63.72,58.3578571429
Tehama,06103,2014,5-17,male,white,81.28,78.5097777778
Tulare,06107,2014,5-17,male,african,244.7,265.746444444
Tulare,06107,2014,0-4,female,hispanic,59.27,52.8286507937
Tulare,06107,2014,0-4,male,hispanic,119.29,101.716511111
Tulare,06107,2014,5-17,female,hispanic,34.45,34.0839333333
Tulare,06107,2014,5-17,male,hispanic,69.51,64.7961111111
Tulare,06107,2014,0-4,female,other,568.93,609.028722222
Tulare,06107,2014,0-4,male,other,1264.37,1248.6595
Tulare,06107,2014,5-17,female,other,556.33,516.708
Tulare,06107,2014,5-17,male,other,907.19,805.443166667
Tulare,06107,2014,0-4,male,white,82.77,101.716511111
Tulare,06107,2014,5-17,female,white,30.47,34.0839333333
Tulare,06107,2014,5-17,male,white,53.11,64.7961111111
Tuolumne,06109,2014,5-17,female,white,109.45,80.8239444444
Tuolumne,06109,2014,5-17,male,white,60.21,80.0541111111
Ventura,06111,2014,0-4,male,african,402.68,463.158666667
Ventura,06111,2014,5-17,female,african,330.3,253.643533333
Ventura,06111,2014,5-17,male,african,145.75,204.743733333
Ventura,06111,2014,5-17,male,asian,36.43,48.674
Ventura,06111,2014,0-4,female,hispanic,59.55,60.0634444444
Ventura,06111,2014,0-4,male,hispanic,93.14,90.9235555556
Ventura,06111,2014,5-17,female,hispanic,45.65,40.1323555556
Ventura,06111,2014,5-17,male,hispanic,77.57,48.674
Ventura,06111,2014,5-17,female,other,39.18,43.3237555556
Ventura,06111,2014,5-17,male,other,54.07,66.0266666667
Ventura,06111,2014,0-4,female,white,65.56,60.0634444444
Ventura,06111,2014,0-4,male,white,86.05,90.9235555556
Ventura,06111,2014,5-17,female,white,44.71,40.1323555556
Ventura,06111,2014,5-17,male,white,44.77,48.674
Yolo,06113,2014,0-4,female,hispanic,83.26,59.5878
Yolo,06113,2014,0-4,male,hispanic,123.36,94.7473111111
Yolo,06113,2014,5-17,female,hispanic,60.11,35.8615777778
Yolo,06113,2014,5-17,male,hispanic,61.19,53.8192
Yolo,06113,2014,0-4,male,white,51.3,94.7473111111
Yolo,06113,2014,5-17,female,white,40.9,35.8615777778
Yolo,06113,2014,5-17,male,white,57.1,53.8192
