Good,Moderate,Unhealthy for Sensitive Groups,Unhealthy,Very Unhealthy,AQI 90th Percentile,AQI Median,# Days CO,# Days NO2,# Days O3,# Days SO2,# Days PM2.5,# Days PM10,Area burned percent,Population,Persons under 5 years percent,Persons under 18 years percent,Persons 65 years and over percent,Female persons percent,White alone percent,Black or African American alone percent,American Indian and Alaska Native alone percent,Asian alone percent,Native Hawaiian and Other Pacific Islander alone percent,Two or More Races percent,Hispanic or Latino percent,White alone  not Hispanic or Latino percent,Foreign born persons percent,Persons per household,High school graduate or higher percent of persons age 25 years+,Bachelor's degree or higher percent of persons age 25 years+,Persons  without health insurance  under age 65 years percent,Median household income (in 2015 dollars),Persons in poverty percent,Population per square mile,Land area in square miles,Adult smokers (%),Second-hand smoke (%),Adult obese (%),Unemployment (%),Medicare (%),Medi-Cal (%),Private (%),Other (%),Radon Zone,Population near busy roads (%)
0.602739726027,0.367123287671,0.0301369863014,0.0,0.0,74.0,44.0,0.0,0.0438356164384,0.372602739726,0.0,0.583561643836,0.0,0.318622973668,1638215,6.0,21.1,12.7,50.9,51.3,11.8,1.1,29.5,1.0,5.3,22.6,32.5,31.4,2.78,86.9,43.0,9.6,75619,11.5,2043.6,739.02,11.0,7.4,21.0,10.7,14.97,46.92,23.22,14.9,2,71.7
0.715846994536,0.273224043716,0.00819672131148,0.00273224043716,0.0,64.0,41.0,0.0,0.0409836065574,0.483606557377,0.00273224043716,0.472677595628,0.0,0.0243142946064,1638215,6.0,21.1,12.7,50.9,51.3,11.8,1.1,29.5,1.0,5.3,22.6,32.5,31.4,2.78,86.9,43.0,9.6,75619,11.5,2043.6,739.02,11.0,7.4,21.0,10.7,14.97,46.92,23.22,14.9,2,71.7
0.517808219178,0.460273972603,0.0219178082192,0.0,0.0,79.0,50.0,0.0,0.0301369863014,0.21095890411,0.0,0.758904109589,0.0,0.178234350897,1638215,6.0,21.1,12.7,50.9,51.3,11.8,1.1,29.5,1.0,5.3,22.6,32.5,31.4,2.78,86.9,43.0,9.6,75619,11.5,2043.6,739.02,11.0,7.4,21.0,10.7,14.97,46.92,23.22,14.9,2,71.7
0.67397260274,0.298630136986,0.027397260274,0.0,0.0,69.0,43.0,0.0,0.0767123287671,0.416438356164,0.0,0.506849315068,0.0,0.0274857243376,1638215,6.0,21.1,12.7,50.9,51.3,11.8,1.1,29.5,1.0,5.3,22.6,32.5,31.4,2.78,86.9,43.0,9.6,75619,11.5,2043.6,739.02,11.0,7.4,21.0,10.7,14.97,46.92,23.22,14.9,2,71.7
0.586301369863,0.380821917808,0.0328767123288,0.0,0.0,76.0,46.0,0.0,0.0328767123288,0.482191780822,0.0,0.484931506849,0.0,0.731120267381,1638215,6.0,21.1,12.7,50.9,51.3,11.8,1.1,29.5,1.0,5.3,22.6,32.5,31.4,2.78,86.9,43.0,9.6,75619,11.5,2043.6,739.02,11.0,7.4,21.0,10.7,14.97,46.92,23.22,14.9,2,71.7
0.782369146006,0.209366391185,0.00826446280992,0.0,0.0,74.0,38.0,0.0,0.0,1.0,0.0,0.0,0.0,0.0302209122406,37001,3.6,15.3,25.8,46.7,90.6,2.2,2.3,1.5,0.2,3.3,13.5,79.1,5.5,2.36,88.4,21.3,10.4,54171,13.1,64.1,594.58,16.9,8.0,18.7,11.7,28.19,23.35,40.97,7.49,2,6.8
0.707988980716,0.236914600551,0.0523415977961,0.00275482093664,0.0,90.0,40.0,0.0,0.0,1.0,0.0,0.0,0.0,0.0268046352047,37001,3.6,15.3,25.8,46.7,90.6,2.2,2.3,1.5,0.2,3.3,13.5,79.1,5.5,2.36,88.4,21.3,10.4,54171,13.1,64.1,594.58,16.9,8.0,18.7,11.7,28.19,23.35,40.97,7.49,2,6.8
0.824657534247,0.169863013699,0.00547945205479,0.0,0.0,61.0,38.0,0.0,0.0,1.0,0.0,0.0,0.0,0.0580767096101,37001,3.6,15.3,25.8,46.7,90.6,2.2,2.3,1.5,0.2,3.3,13.5,79.1,5.5,2.36,88.4,21.3,10.4,54171,13.1,64.1,594.58,16.9,8.0,18.7,11.7,28.19,23.35,40.97,7.49,2,6.8
0.732590529248,0.239554317549,0.0278551532033,0.0,0.0,80.0,42.0,0.0,0.0,1.0,0.0,0.0,0.0,0.0470395068788,37001,3.6,15.3,25.8,46.7,90.6,2.2,2.3,1.5,0.2,3.3,13.5,79.1,5.5,2.36,88.4,21.3,10.4,54171,13.1,64.1,594.58,16.9,8.0,18.7,11.7,28.19,23.35,40.97,7.49,2,6.8
0.777472527473,0.200549450549,0.021978021978,0.0,0.0,67.0,41.0,0.0,0.0,1.0,0.0,0.0,0.0,18.6297470483,37001,3.6,15.3,25.8,46.7,90.6,2.2,2.3,1.5,0.2,3.3,13.5,79.1,5.5,2.36,88.4,21.3,10.4,54171,13.1,64.1,594.58,16.9,8.0,18.7,11.7,28.19,23.35,40.97,7.49,2,6.8
0.408219178082,0.52602739726,0.0657534246575,0.0,0.0,90.0,55.0,0.0,0.0,0.482191780822,0.0,0.517808219178,0.0,0.0263526147905,225411,5.4,20.1,17.5,50.5,86.5,1.8,2.5,4.7,0.3,4.3,15.7,73.0,7.6,2.55,88.0,25.9,13.1,43444,21.4,134.4,1636.46,16.7,14.5,23.8,12.5,18.1,56.85,16.97,8.08,3,31.2
0.464480874317,0.450819672131,0.0628415300546,0.0218579234973,0.0,97.0,53.0,0.0,0.0,0.609289617486,0.0,0.390710382514,0.0,0.0296944318835,225411,5.4,20.1,17.5,50.5,86.5,1.8,2.5,4.7,0.3,4.3,15.7,73.0,7.6,2.55,88.0,25.9,13.1,43444,21.4,134.4,1636.46,16.7,14.5,23.8,12.5,18.1,56.85,16.97,8.08,3,31.2
0.402739726027,0.572602739726,0.0219178082192,0.0027397260274,0.0,90.0,54.0,0.0,0.0,0.602739726027,0.0,0.397260273973,0.0,0.326161348276,225411,5.4,20.1,17.5,50.5,86.5,1.8,2.5,4.7,0.3,4.3,15.7,73.0,7.6,2.55,88.0,25.9,13.1,43444,21.4,134.4,1636.46,16.7,14.5,23.8,12.5,18.1,56.85,16.97,8.08,3,31.2
0.47397260274,0.487671232877,0.0328767123288,0.00547945205479,0.0,84.0,52.0,0.0,0.0,0.624657534247,0.0,0.375342465753,0.0,0.0533735929995,225411,5.4,20.1,17.5,50.5,86.5,1.8,2.5,4.7,0.3,4.3,15.7,73.0,7.6,2.55,88.0,25.9,13.1,43444,21.4,134.4,1636.46,16.7,14.5,23.8,12.5,18.1,56.85,16.97,8.08,3,31.2
0.465753424658,0.498630136986,0.0328767123288,0.0027397260274,0.0,84.0,52.0,0.0,0.0,0.643835616438,0.0,0.353424657534,0.0027397260274,0.00152768781394,225411,5.4,20.1,17.5,50.5,86.5,1.8,2.5,4.7,0.3,4.3,15.7,73.0,7.6,2.55,88.0,25.9,13.1,43444,21.4,134.4,1636.46,16.7,14.5,23.8,12.5,18.1,56.85,16.97,8.08,3,31.2
0.593406593407,0.376373626374,0.0302197802198,0.0,0.0,87.0,46.0,0.0,0.0,0.667582417582,0.0,0.332417582418,0.0,0.175549749512,44828,3.9,17.4,25.9,50.0,91.7,1.0,1.9,1.6,0.2,3.7,11.5,81.8,5.2,2.45,91.6,20.9,10.6,53233,13.0,44.7,1020.01,16.9,8.0,18.7,14.1,22.82,45.63,22.82,8.74,2,3.4
0.669398907104,0.295081967213,0.0327868852459,0.00273224043716,0.0,87.0,44.0,0.0,0.0,0.754098360656,0.0,0.243169398907,0.00273224043716,0.0871621356653,44828,3.9,17.4,25.9,50.0,91.7,1.0,1.9,1.6,0.2,3.7,11.5,81.8,5.2,2.45,91.6,20.9,10.6,53233,13.0,44.7,1020.01,16.9,8.0,18.7,14.1,22.82,45.63,22.82,8.74,2,3.4
0.681318681319,0.313186813187,0.00549450549451,0.0,0.0,64.0,45.0,0.0,0.0,0.612637362637,0.0,0.387362637363,0.0,0.0323219870393,44828,3.9,17.4,25.9,50.0,91.7,1.0,1.9,1.6,0.2,3.7,11.5,81.8,5.2,2.45,91.6,20.9,10.6,53233,13.0,44.7,1020.01,16.9,8.0,18.7,14.1,22.82,45.63,22.82,8.74,2,3.4
0.731301939058,0.257617728532,0.01108033241,0.0,0.0,71.0,44.0,0.0,0.0,0.756232686981,0.0,0.243767313019,0.0,0.0493254968089,44828,3.9,17.4,25.9,50.0,91.7,1.0,1.9,1.6,0.2,3.7,11.5,81.8,5.2,2.45,91.6,20.9,10.6,53233,13.0,44.7,1020.01,16.9,8.0,18.7,14.1,22.82,45.63,22.82,8.74,2,3.4
0.671232876712,0.268493150685,0.0493150684932,0.00547945205479,0.00547945205479,90.0,45.0,0.0,0.0,0.739726027397,0.0,0.260273972603,0.0,0.0448831384006,44828,3.9,17.4,25.9,50.0,91.7,1.0,1.9,1.6,0.2,3.7,11.5,81.8,5.2,2.45,91.6,20.9,10.6,53233,13.0,44.7,1020.01,16.9,8.0,18.7,14.1,22.82,45.63,22.82,8.74,2,3.4
0.712328767123,0.282191780822,0.00547945205479,0.0,0.0,63.0,43.0,0.0,0.0,0.575342465753,0.0,0.421917808219,0.0027397260274,0.0104553196666,21482,7.2,27.7,13.4,48.7,91.3,1.2,2.6,1.9,0.6,2.4,58.5,36.2,24.5,3.04,68.2,14.6,16.9,52168,13.2,18.6,1150.73,15.1,3.9,38.2,18.3,14.13,54.35,21.74,9.78,3,10.0
0.521857923497,0.459016393443,0.00819672131148,0.00819672131148,0.00273224043716,71.0,49.0,0.0,0.0,0.27868852459,0.0,0.715846994536,0.00546448087432,0.58183175028,21482,7.2,27.7,13.4,48.7,91.3,1.2,2.6,1.9,0.6,2.4,58.5,36.2,24.5,3.04,68.2,14.6,16.9,52168,13.2,18.6,1150.73,15.1,3.9,38.2,18.3,14.13,54.35,21.74,9.78,3,10.0
0.686813186813,0.307692307692,0.00549450549451,0.0,0.0,63.0,41.0,0.0,0.0,0.370879120879,0.0,0.612637362637,0.0164835164835,0.00149361709524,21482,7.2,27.7,13.4,48.7,91.3,1.2,2.6,1.9,0.6,2.4,58.5,36.2,24.5,3.04,68.2,14.6,16.9,52168,13.2,18.6,1150.73,15.1,3.9,38.2,18.3,14.13,54.35,21.74,9.78,3,10.0
0.660273972603,0.339726027397,0.0,0.0,0.0,63.0,44.0,0.0,0.0,0.41095890411,0.0,0.586301369863,0.0027397260274,0.00217253395671,21482,7.2,27.7,13.4,48.7,91.3,1.2,2.6,1.9,0.6,2.4,58.5,36.2,24.5,3.04,68.2,14.6,16.9,52168,13.2,18.6,1150.73,15.1,3.9,38.2,18.3,14.13,54.35,21.74,9.78,3,10.0
0.623626373626,0.35989010989,0.010989010989,0.00549450549451,0.0,72.0,46.0,0.0,0.0,0.379120879121,0.0,0.612637362637,0.00824175824176,0.0107268864112,21482,7.2,27.7,13.4,48.7,91.3,1.2,2.6,1.9,0.6,2.4,58.5,36.2,24.5,3.04,68.2,14.6,16.9,52168,13.2,18.6,1150.73,15.1,3.9,38.2,18.3,14.13,54.35,21.74,9.78,3,10.0
0.794520547945,0.186301369863,0.0191780821918,0.0,0.0,69.0,39.0,0.0,0.0575342465753,0.715068493151,0.00547945205479,0.221917808219,0.0,0.10344791463,1126745,5.8,23.2,14.6,51.2,66.8,9.6,1.0,16.8,0.6,5.2,25.3,45.0,23.9,2.82,88.9,39.6,9.8,80185,10.2,1465.2,715.94,10.6,6.2,24.0,10.3,19.28,37.27,32.04,11.41,2,49.9
0.79781420765,0.191256830601,0.00819672131148,0.00273224043716,0.0,65.0,39.0,0.0,0.0355191256831,0.800546448087,0.0,0.16393442623,0.0,0.0316454591167,1126745,5.8,23.2,14.6,51.2,66.8,9.6,1.0,16.8,0.6,5.2,25.3,45.0,23.9,2.82,88.9,39.6,9.8,80185,10.2,1465.2,715.94,10.6,6.2,24.0,10.3,19.28,37.27,32.04,11.41,2,49.9
0.575342465753,0.416438356164,0.00821917808219,0.0,0.0,69.0,46.0,0.0,0.00821917808219,0.320547945205,0.0027397260274,0.668493150685,0.0,0.866649090706,1126745,5.8,23.2,14.6,51.2,66.8,9.6,1.0,16.8,0.6,5.2,25.3,45.0,23.9,2.82,88.9,39.6,9.8,80185,10.2,1465.2,715.94,10.6,6.2,24.0,10.3,19.28,37.27,32.04,11.41,2,49.9
0.641095890411,0.345205479452,0.013698630137,0.0,0.0,67.0,45.0,0.0,0.0027397260274,0.438356164384,0.0,0.558904109589,0.0,0.0458313545828,1126745,5.8,23.2,14.6,51.2,66.8,9.6,1.0,16.8,0.6,5.2,25.3,45.0,23.9,2.82,88.9,39.6,9.8,80185,10.2,1465.2,715.94,10.6,6.2,24.0,10.3,19.28,37.27,32.04,11.41,2,49.9
0.706849315068,0.271232876712,0.0219178082192,0.0,0.0,67.0,44.0,0.0,0.0164383561644,0.561643835616,0.0,0.421917808219,0.0,0.0792227700645,1126745,5.8,23.2,14.6,51.2,66.8,9.6,1.0,16.8,0.6,5.2,25.3,45.0,23.9,2.82,88.9,39.6,9.8,80185,10.2,1465.2,715.94,10.6,6.2,24.0,10.3,19.28,37.27,32.04,11.41,2,49.9
0.991666666667,0.00833333333333,0.0,0.0,0.0,29.0,13.0,0.0,0.0,0.0,0.0,0.741666666667,0.258333333333,0.000465782962529,27254,5.7,21.0,16.3,45.2,78.7,3.5,9.1,3.6,0.2,4.9,19.8,62.8,5.9,2.55,80.0,15.1,12.7,40847,23.3,28.4,1006.37,15.2,11.5,31.4,12.2,9.23,70.0,12.31,8.46,3,8.0
1.0,0.0,0.0,0.0,0.0,26.0,10.0,0.0,0.0,0.0,0.0,0.705882352941,0.294117647059,0.0189418404762,27254,5.7,21.0,16.3,45.2,78.7,3.5,9.1,3.6,0.2,4.9,19.8,62.8,5.9,2.55,80.0,15.1,12.7,40847,23.3,28.4,1006.37,15.2,11.5,31.4,12.2,9.23,70.0,12.31,8.46,3,8.0
0.97619047619,0.0238095238095,0.0,0.0,0.0,23.0,13.0,0.0,0.0,0.0,0.0,0.738095238095,0.261904761905,0.00232891481264,27254,5.7,21.0,16.3,45.2,78.7,3.5,9.1,3.6,0.2,4.9,19.8,62.8,5.9,2.55,80.0,15.1,12.7,40847,23.3,28.4,1006.37,15.2,11.5,31.4,12.2,9.23,70.0,12.31,8.46,3,8.0
0.973913043478,0.0260869565217,0.0,0.0,0.0,33.0,12.0,0.0,0.0,0.0,0.0,1.0,0.0,0.00217365382513,27254,5.7,21.0,16.3,45.2,78.7,3.5,9.1,3.6,0.2,4.9,19.8,62.8,5.9,2.55,80.0,15.1,12.7,40847,23.3,28.4,1006.37,15.2,11.5,31.4,12.2,9.23,70.0,12.31,8.46,3,8.0
0.929824561404,0.0701754385965,0.0,0.0,0.0,39.0,15.0,0.0,0.0,0.0,0.0,1.0,0.0,0.000931565925057,27254,5.7,21.0,16.3,45.2,78.7,3.5,9.1,3.6,0.2,4.9,19.8,62.8,5.9,2.55,80.0,15.1,12.7,40847,23.3,28.4,1006.37,15.2,11.5,31.4,12.2,9.23,70.0,12.31,8.46,3,8.0
0.659154929577,0.225352112676,0.0985915492958,0.0169014084507,0.0,105.0,42.0,0.0,0.0,0.991549295775,0.0,0.00845070422535,0.0,0.00997215846547,184452,4.3,20.6,18.6,49.9,89.6,1.0,1.3,4.2,0.2,3.7,12.8,78.3,9.4,2.69,92.3,32.1,9.3,69584,9.1,106.0,1707.88,11.5,4.2,22.9,11.3,14.59,30.02,38.81,16.58,2,17.6
0.579234972678,0.27868852459,0.125683060109,0.016393442623,0.0,105.0,45.0,0.0,0.0,1.0,0.0,0.0,0.0,0.0271718446261,184452,4.3,20.6,18.6,49.9,89.6,1.0,1.3,4.2,0.2,3.7,12.8,78.3,9.4,2.69,92.3,32.1,9.3,69584,9.1,106.0,1707.88,11.5,4.2,22.9,11.3,14.59,30.02,38.81,16.58,2,17.6
0.608219178082,0.328767123288,0.0630136986301,0.0,0.0,90.0,45.0,0.0,0.0,0.991780821918,0.0,0.00821917808219,0.0,0.0536117877134,184452,4.3,20.6,18.6,49.9,89.6,1.0,1.3,4.2,0.2,3.7,12.8,78.3,9.4,2.69,92.3,32.1,9.3,69584,9.1,106.0,1707.88,11.5,4.2,22.9,11.3,14.59,30.02,38.81,16.58,2,17.6
0.61095890411,0.26301369863,0.117808219178,0.00821917808219,0.0,105.0,45.0,0.0,0.0,0.972602739726,0.0,0.00821917808219,0.0191780821918,9.33952107291,184452,4.3,20.6,18.6,49.9,89.6,1.0,1.3,4.2,0.2,3.7,12.8,78.3,9.4,2.69,92.3,32.1,9.3,69584,9.1,106.0,1707.88,11.5,4.2,22.9,11.3,14.59,30.02,38.81,16.58,2,17.6
0.654794520548,0.279452054795,0.0602739726027,0.00547945205479,0.0,93.0,44.0,0.0,0.0,0.956164383562,0.0,0.013698630137,0.0301369863014,0.0343993723212,184452,4.3,20.6,18.6,49.9,89.6,1.0,1.3,4.2,0.2,3.7,12.8,78.3,9.4,2.69,92.3,32.1,9.3,69584,9.1,106.0,1707.88,11.5,4.2,22.9,11.3,14.59,30.02,38.81,16.58,2,17.6
0.186301369863,0.476712328767,0.227397260274,0.109589041096,0.0,152.0,80.0,0.0,0.0,0.509589041096,0.0,0.490410958904,0.0,0.0345649287763,974861,8.2,28.7,11.5,50.1,77.2,5.9,3.0,10.7,0.3,3.0,52.4,30.4,21.4,3.17,73.5,19.4,15.4,45233,25.2,156.2,5957.99,13.9,6.5,30.0,15.1,8.87,69.13,15.51,6.49,2,49.6
0.210382513661,0.42349726776,0.251366120219,0.112021857923,0.00273224043716,151.0,80.0,0.0,0.00273224043716,0.598360655738,0.0,0.398907103825,0.0,0.0150533149602,974861,8.2,28.7,11.5,50.1,77.2,5.9,3.0,10.7,0.3,3.0,52.4,30.4,21.4,3.17,73.5,19.4,15.4,45233,25.2,156.2,5957.99,13.9,6.5,30.0,15.1,8.87,69.13,15.51,6.49,2,49.6
0.145205479452,0.47397260274,0.312328767123,0.0684931506849,0.0,147.0,87.0,0.0,0.0027397260274,0.583561643836,0.0,0.397260273973,0.0164383561644,0.0133486712801,974861,8.2,28.7,11.5,50.1,77.2,5.9,3.0,10.7,0.3,3.0,52.4,30.4,21.4,3.17,73.5,19.4,15.4,45233,25.2,156.2,5957.99,13.9,6.5,30.0,15.1,8.87,69.13,15.51,6.49,2,49.6
0.202739726027,0.457534246575,0.249315068493,0.0904109589041,0.0,148.0,81.0,0.0,0.0,0.627397260274,0.0,0.364383561644,0.00821917808219,0.0063465195477,974861,8.2,28.7,11.5,50.1,77.2,5.9,3.0,10.7,0.3,3.0,52.4,30.4,21.4,3.17,73.5,19.4,15.4,45233,25.2,156.2,5957.99,13.9,6.5,30.0,15.1,8.87,69.13,15.51,6.49,2,49.6
0.164383561644,0.556164383562,0.216438356164,0.0602739726027,0.0027397260274,136.0,80.0,0.0,0.0027397260274,0.621917808219,0.0,0.361643835616,0.013698630137,0.0103065379432,974861,8.2,28.7,11.5,50.1,77.2,5.9,3.0,10.7,0.3,3.0,52.4,30.4,21.4,3.17,73.5,19.4,15.4,45233,25.2,156.2,5957.99,13.9,6.5,30.0,15.1,8.87,69.13,15.51,6.49,2,49.6
0.731506849315,0.26301369863,0.00547945205479,0.0,0.0,62.0,44.0,0.0,0.0,0.605479452055,0.0,0.391780821918,0.0027397260274,0.000237832489821,28017,7.2,26.7,15.1,49.6,89.8,1.2,3.0,3.1,0.2,2.7,41.1,52.2,17.9,2.92,75.0,14.9,18.0,39349,18.5,21.4,1313.95,15.1,3.9,38.2,14.6,20.18,49.54,15.6,14.68,3,9.0
0.718579234973,0.27868852459,0.00273224043716,0.0,0.0,67.0,43.0,0.0,0.0,0.707650273224,0.0,0.286885245902,0.00546448087432,0.000594581224552,28017,7.2,26.7,15.1,49.6,89.8,1.2,3.0,3.1,0.2,2.7,41.1,52.2,17.9,2.92,75.0,14.9,18.0,39349,18.5,21.4,1313.95,15.1,3.9,38.2,14.6,20.18,49.54,15.6,14.68,3,9.0
0.675900277008,0.321329639889,0.00277008310249,0.0,0.0,64.0,44.0,0.0,0.0,0.562326869806,0.0,0.437673130194,0.0,0.0266372388599,28017,7.2,26.7,15.1,49.6,89.8,1.2,3.0,3.1,0.2,2.7,41.1,52.2,17.9,2.92,75.0,14.9,18.0,39349,18.5,21.4,1313.95,15.1,3.9,38.2,14.6,20.18,49.54,15.6,14.68,3,9.0
0.791780821918,0.205479452055,0.0027397260274,0.0,0.0,59.0,41.0,0.0,0.0,0.693150684932,0.0,0.268493150685,0.0383561643836,0.00011891624491,28017,7.2,26.7,15.1,49.6,89.8,1.2,3.0,3.1,0.2,2.7,41.1,52.2,17.9,2.92,75.0,14.9,18.0,39349,18.5,21.4,1313.95,15.1,3.9,38.2,14.6,20.18,49.54,15.6,14.68,3,9.0
0.704109589041,0.295890410959,0.0,0.0,0.0,67.0,44.0,0.0,0.0,0.652054794521,0.0,0.284931506849,0.0630136986301,0.000356748734731,28017,7.2,26.7,15.1,49.6,89.8,1.2,3.0,3.1,0.2,2.7,41.1,52.2,17.9,2.92,75.0,14.9,18.0,39349,18.5,21.4,1313.95,15.1,3.9,38.2,14.6,20.18,49.54,15.6,14.68,3,9.0
0.837016574586,0.162983425414,0.0,0.0,0.0,55.0,35.0,0.0,0.00828729281768,0.588397790055,0.0,0.400552486188,0.00276243093923,0.0304355533508,135727,5.4,19.5,16.1,50.1,83.6,1.4,6.2,2.9,0.3,5.5,11.1,74.9,5.8,2.47,89.8,28.0,14.9,42197,20.9,37.7,3567.99,17.4,4.9,27.6,11.0,19.54,51.1,15.23,14.13,3,24.0
0.863387978142,0.136612021858,0.0,0.0,0.0,52.0,35.5,0.0,0.0,0.53825136612,0.0,0.46174863388,0.0,0.00945910722844,135727,5.4,19.5,16.1,50.1,83.6,1.4,6.2,2.9,0.3,5.5,11.1,74.9,5.8,2.47,89.8,28.0,14.9,42197,20.9,37.7,3567.99,17.4,4.9,27.6,11.0,19.54,51.1,15.23,14.13,3,24.0
0.871232876712,0.128767123288,0.0,0.0,0.0,54.0,33.0,0.0,0.0027397260274,0.504109589041,0.0027397260274,0.484931506849,0.00547945205479,0.0146703746367,135727,5.4,19.5,16.1,50.1,83.6,1.4,6.2,2.9,0.3,5.5,11.1,74.9,5.8,2.47,89.8,28.0,14.9,42197,20.9,37.7,3567.99,17.4,4.9,27.6,11.0,19.54,51.1,15.23,14.13,3,24.0
0.652054794521,0.33698630137,0.0109589041096,0.0,0.0,64.0,38.0,0.0,0.0,0.295890410959,0.0,0.654794520548,0.0493150684932,0.0261001292044,135727,5.4,19.5,16.1,50.1,83.6,1.4,6.2,2.9,0.3,5.5,11.1,74.9,5.8,2.47,89.8,28.0,14.9,42197,20.9,37.7,3567.99,17.4,4.9,27.6,11.0,19.54,51.1,15.23,14.13,3,24.0
0.909589041096,0.0904109589041,0.0,0.0,0.0,49.0,32.0,0.0,0.0,0.709589041096,0.0,0.243835616438,0.0465753424658,0.160060356111,135727,5.4,19.5,16.1,50.1,83.6,1.4,6.2,2.9,0.3,5.5,11.1,74.9,5.8,2.47,89.8,28.0,14.9,42197,20.9,37.7,3567.99,17.4,4.9,27.6,11.0,19.54,51.1,15.23,14.13,3,24.0
0.52602739726,0.383561643836,0.0876712328767,0.0027397260274,0.0,93.0,49.0,0.0219178082192,0.153424657534,0.649315068493,0.0,0.156164383562,0.0191780821918,0.0,180191,8.5,28.4,12.5,49.0,89.7,3.5,2.6,2.4,0.2,1.7,82.7,11.9,32.6,3.61,66.3,14.1,16.0,41079,24.3,41.8,4176.6,12.6,3.8,41.7,28.2,11.55,43.5,38.48,6.47,3,27.0
0.472677595628,0.420765027322,0.0928961748634,0.0109289617486,0.00273224043716,101.0,51.5,0.00546448087432,0.155737704918,0.633879781421,0.0,0.16393442623,0.0409836065574,0.0,180191,8.5,28.4,12.5,49.0,89.7,3.5,2.6,2.4,0.2,1.7,82.7,11.9,32.6,3.61,66.3,14.1,16.0,41079,24.3,41.8,4176.6,12.6,3.8,41.7,28.2,11.55,43.5,38.48,6.47,3,27.0
0.416438356164,0.476712328767,0.0958904109589,0.00821917808219,0.0027397260274,101.0,56.0,0.0027397260274,0.0849315068493,0.517808219178,0.0,0.117808219178,0.276712328767,0.0,180191,8.5,28.4,12.5,49.0,89.7,3.5,2.6,2.4,0.2,1.7,82.7,11.9,32.6,3.61,66.3,14.1,16.0,41079,24.3,41.8,4176.6,12.6,3.8,41.7,28.2,11.55,43.5,38.48,6.47,3,27.0
0.12602739726,0.72602739726,0.123287671233,0.013698630137,0.0109589041096,112.0,67.0,0.0,0.0027397260274,0.282191780822,0.0,0.465753424658,0.249315068493,0.0,180191,8.5,28.4,12.5,49.0,89.7,3.5,2.6,2.4,0.2,1.7,82.7,11.9,32.6,3.61,66.3,14.1,16.0,41079,24.3,41.8,4176.6,12.6,3.8,41.7,28.2,11.55,43.5,38.48,6.47,3,27.0
0.238356164384,0.646575342466,0.106849315068,0.00821917808219,0.0,105.0,63.0,0.0,0.0109589041096,0.38904109589,0.0,0.372602739726,0.227397260274,0.0,180191,8.5,28.4,12.5,49.0,89.7,3.5,2.6,2.4,0.2,1.7,82.7,11.9,32.6,3.61,66.3,14.1,16.0,41079,24.3,41.8,4176.6,12.6,3.8,41.7,28.2,11.55,43.5,38.48,6.47,3,27.0
0.47397260274,0.4,0.0904109589041,0.013698630137,0.0219178082192,105.0,51.0,0.0,0.0,0.758904109589,0.0,0.0986301369863,0.142465753425,0.100540793134,18260,6.1,20.6,22.1,50.1,81.2,1.0,12.9,1.7,0.1,3.2,20.9,64.3,10.1,2.23,87.6,23.9,13.4,45955,12.4,1.8,10180.88,16.9,8.0,18.7,9.1,16.3,47.83,29.35,6.52,2,8.4
0.55737704918,0.363387978142,0.0409836065574,0.0109289617486,0.0273224043716,93.0,48.0,0.0,0.0,0.751366120219,0.0,0.0300546448087,0.218579234973,0.000322295322212,18260,6.1,20.6,22.1,50.1,81.2,1.0,12.9,1.7,0.1,3.2,20.9,64.3,10.1,2.23,87.6,23.9,13.4,45955,12.4,1.8,10180.88,16.9,8.0,18.7,9.1,16.3,47.83,29.35,6.52,2,8.4
0.632876712329,0.309589041096,0.027397260274,0.0191780821918,0.0109589041096,86.0,46.0,0.0,0.0,0.775342465753,0.0,0.0767123287671,0.147945205479,0.00672215957756,18260,6.1,20.6,22.1,50.1,81.2,1.0,12.9,1.7,0.1,3.2,20.9,64.3,10.1,2.23,87.6,23.9,13.4,45955,12.4,1.8,10180.88,16.9,8.0,18.7,9.1,16.3,47.83,29.35,6.52,2,8.4
0.638356164384,0.320547945205,0.0164383561644,0.013698630137,0.0109589041096,83.0,47.0,0.0,0.0,0.794520547945,0.0,0.0876712328767,0.117808219178,0.00210259329252,18260,6.1,20.6,22.1,50.1,81.2,1.0,12.9,1.7,0.1,3.2,20.9,64.3,10.1,2.23,87.6,23.9,13.4,45955,12.4,1.8,10180.88,16.9,8.0,18.7,9.1,16.3,47.83,29.35,6.52,2,8.4
0.556164383562,0.386301369863,0.0328767123288,0.0164383561644,0.00821917808219,90.0,48.0,0.0,0.0,0.778082191781,0.0,0.0849315068493,0.13698630137,0.107462468863,18260,6.1,20.6,22.1,50.1,81.2,1.0,12.9,1.7,0.1,3.2,20.9,64.3,10.1,2.23,87.6,23.9,13.4,45955,12.4,1.8,10180.88,16.9,8.0,18.7,9.1,16.3,47.83,29.35,6.52,2,8.4
0.178082191781,0.438356164384,0.27397260274,0.109589041096,0.0,151.0,84.0,0.0,0.0027397260274,0.572602739726,0.0,0.41095890411,0.013698630137,0.0,882176,8.2,29.2,10.1,48.7,82.6,6.3,2.6,5.1,0.3,3.1,52.2,35.4,20.3,3.21,73.4,15.4,14.5,49026,21.9,103.3,8131.92,18.1,5.5,33.2,14.4,11.04,64.86,14.97,9.12,2,38.4
0.174863387978,0.437158469945,0.251366120219,0.133879781421,0.00273224043716,154.0,84.0,0.0,0.0,0.592896174863,0.0,0.396174863388,0.0109289617486,0.0,882176,8.2,29.2,10.1,48.7,82.6,6.3,2.6,5.1,0.3,3.1,52.2,35.4,20.3,3.21,73.4,15.4,14.5,49026,21.9,103.3,8131.92,18.1,5.5,33.2,14.4,11.04,64.86,14.97,9.12,2,38.4
0.0958904109589,0.531506849315,0.284931506849,0.0849315068493,0.0027397260274,148.0,89.0,0.0,0.0,0.476712328767,0.0,0.515068493151,0.00821917808219,0.0,882176,8.2,29.2,10.1,48.7,82.6,6.3,2.6,5.1,0.3,3.1,52.2,35.4,20.3,3.21,73.4,15.4,14.5,49026,21.9,103.3,8131.92,18.1,5.5,33.2,14.4,11.04,64.86,14.97,9.12,2,38.4
0.0876712328767,0.47397260274,0.320547945205,0.115068493151,0.0027397260274,154.0,97.0,0.0,0.0,0.621917808219,0.0,0.356164383562,0.0219178082192,0.0,882176,8.2,29.2,10.1,48.7,82.6,6.3,2.6,5.1,0.3,3.1,52.2,35.4,20.3,3.21,73.4,15.4,14.5,49026,21.9,103.3,8131.92,18.1,5.5,33.2,14.4,11.04,64.86,14.97,9.12,2,38.4
0.120547945205,0.545205479452,0.254794520548,0.0767123287671,0.0027397260274,146.0,84.0,0.0,0.0027397260274,0.621917808219,0.0,0.364383561644,0.0109589041096,0.0,882176,8.2,29.2,10.1,48.7,82.6,6.3,2.6,5.1,0.3,3.1,52.2,35.4,20.3,3.21,73.4,15.4,14.5,49026,21.9,103.3,8131.92,18.1,5.5,33.2,14.4,11.04,64.86,14.97,9.12,2,38.4
0.298630136986,0.476712328767,0.183561643836,0.041095890411,0.0,129.0,71.0,0.0,0.0,0.545205479452,0.0,0.435616438356,0.0191780821918,0.00539793582934,150965,7.8,27.4,9.4,44.8,81.3,7.2,3.0,4.5,0.3,3.6,53.6,33.2,18.6,3.19,72.2,13.4,14.3,46481,22.4,110.1,1389.42,14.8,2.9,36.6,14.6,9.36,61.58,18.48,10.57,3,17.9
0.319672131148,0.5,0.16393442623,0.016393442623,0.0,114.0,66.0,0.0,0.0,0.571038251366,0.0,0.374316939891,0.0546448087432,0.00584776381512,150965,7.8,27.4,9.4,44.8,81.3,7.2,3.0,4.5,0.3,3.6,53.6,33.2,18.6,3.19,72.2,13.4,14.3,46481,22.4,110.1,1389.42,14.8,2.9,36.6,14.6,9.36,61.58,18.48,10.57,3,17.9
0.208219178082,0.531506849315,0.219178082192,0.041095890411,0.0,130.0,77.0,0.0,0.0,0.534246575342,0.0,0.342465753425,0.123287671233,0.000674741978667,150965,7.8,27.4,9.4,44.8,81.3,7.2,3.0,4.5,0.3,3.6,53.6,33.2,18.6,3.19,72.2,13.4,14.3,46481,22.4,110.1,1389.42,14.8,2.9,36.6,14.6,9.36,61.58,18.48,10.57,3,17.9
0.232876712329,0.556164383562,0.142465753425,0.0684931506849,0.0,126.0,71.0,0.0,0.0,0.545205479452,0.0,0.323287671233,0.131506849315,0.000674741978667,150965,7.8,27.4,9.4,44.8,81.3,7.2,3.0,4.5,0.3,3.6,53.6,33.2,18.6,3.19,72.2,13.4,14.3,46481,22.4,110.1,1389.42,14.8,2.9,36.6,14.6,9.36,61.58,18.48,10.57,3,17.9
0.246575342466,0.561643835616,0.164383561644,0.027397260274,0.0,119.0,71.0,0.0,0.0,0.528767123288,0.0,0.367123287671,0.104109589041,0.000224913992889,150965,7.8,27.4,9.4,44.8,81.3,7.2,3.0,4.5,0.3,3.6,53.6,33.2,18.6,3.19,72.2,13.4,14.3,46481,22.4,110.1,1389.42,14.8,2.9,36.6,14.6,9.36,61.58,18.48,10.57,3,17.9
0.983561643836,0.0164383561644,0.0,0.0,0.0,44.0,34.0,0.0,0.0,0.997260273973,0.0,0.0027397260274,0.0,0.0103216576731,64591,5.9,20.5,21.3,50.1,87.6,2.1,4.1,1.4,0.3,4.6,19.6,71.5,9.0,2.34,84.4,16.0,15.9,35578,20.5,51.5,1256.46,26.2,8.9,26.4,15.6,21.78,53.53,13.07,11.62,3,7.6
0.92817679558,0.0635359116022,0.00828729281768,0.0,0.0,47.0,35.0,0.0,0.0,0.994475138122,0.0,0.00552486187845,0.0,1.03900541999,64591,5.9,20.5,21.3,50.1,87.6,2.1,4.1,1.4,0.3,4.6,19.6,71.5,9.0,2.34,84.4,16.0,15.9,35578,20.5,51.5,1256.46,26.2,8.9,26.4,15.6,21.78,53.53,13.07,11.62,3,7.6
0.975274725275,0.0247252747253,0.0,0.0,0.0,44.0,33.0,0.0,0.0,0.994505494505,0.0,0.00549450549451,0.0,0.108190869586,64591,5.9,20.5,21.3,50.1,87.6,2.1,4.1,1.4,0.3,4.6,19.6,71.5,9.0,2.34,84.4,16.0,15.9,35578,20.5,51.5,1256.46,26.2,8.9,26.4,15.6,21.78,53.53,13.07,11.62,3,7.6
0.941176470588,0.0588235294118,0.0,0.0,0.0,48.0,38.0,0.0,0.0,0.985994397759,0.0,0.0112044817927,0.00280112044818,0.0426545612276,64591,5.9,20.5,21.3,50.1,87.6,2.1,4.1,1.4,0.3,4.6,19.6,71.5,9.0,2.34,84.4,16.0,15.9,35578,20.5,51.5,1256.46,26.2,8.9,26.4,15.6,21.78,53.53,13.07,11.62,3,7.6
0.96694214876,0.030303030303,0.00275482093664,0.0,0.0,47.0,36.0,0.0,0.0,0.994490358127,0.0,0.00550964187328,0.0,21.3706813189,64591,5.9,20.5,21.3,50.1,87.6,2.1,4.1,1.4,0.3,4.6,19.6,71.5,9.0,2.34,84.4,16.0,15.9,35578,20.5,51.5,1256.46,26.2,8.9,26.4,15.6,21.78,53.53,13.07,11.62,3,7.6
0.0465753424658,0.621917808219,0.224657534247,0.0986301369863,0.00821917808219,151.0,80.0,0.0,0.0602739726027,0.438356164384,0.0,0.498630136986,0.0027397260274,0.0,10170292,6.3,22.4,12.6,50.7,71.1,9.1,1.5,15.0,0.4,3.0,48.4,26.6,34.7,3.02,77.3,30.3,17.4,56196,16.7,2419.6,4057.88,13.2,6.7,24.7,11.6,10.97,50.06,26.86,12.1,2,79.8
0.0901639344262,0.554644808743,0.254098360656,0.0956284153005,0.00546448087432,151.0,83.0,0.0,0.051912568306,0.48087431694,0.0,0.46174863388,0.00546448087432,0.0,10170292,6.3,22.4,12.6,50.7,71.1,9.1,1.5,15.0,0.4,3.0,48.4,26.6,34.7,3.02,77.3,30.3,17.4,56196,16.7,2419.6,4057.88,13.2,6.7,24.7,11.6,10.97,50.06,26.86,12.1,2,79.8
0.0602739726027,0.665753424658,0.205479452055,0.0684931506849,0.0,140.0,77.0,0.0,0.0547945205479,0.479452054795,0.0,0.457534246575,0.00821917808219,0.0,10170292,6.3,22.4,12.6,50.7,71.1,9.1,1.5,15.0,0.4,3.0,48.4,26.6,34.7,3.02,77.3,30.3,17.4,56196,16.7,2419.6,4057.88,13.2,6.7,24.7,11.6,10.97,50.06,26.86,12.1,2,79.8
0.0630136986301,0.641095890411,0.219178082192,0.0712328767123,0.00547945205479,143.0,80.0,0.0,0.0493150684932,0.46301369863,0.0,0.476712328767,0.0109589041096,0.0,10170292,6.3,22.4,12.6,50.7,71.1,9.1,1.5,15.0,0.4,3.0,48.4,26.6,34.7,3.02,77.3,30.3,17.4,56196,16.7,2419.6,4057.88,13.2,6.7,24.7,11.6,10.97,50.06,26.86,12.1,2,79.8
0.0712328767123,0.567123287671,0.260273972603,0.0986301369863,0.0027397260274,151.0,79.0,0.0,0.0657534246575,0.504109589041,0.0,0.424657534247,0.00547945205479,0.0,10170292,6.3,22.4,12.6,50.7,71.1,9.1,1.5,15.0,0.4,3.0,48.4,26.6,34.7,3.02,77.3,30.3,17.4,56196,16.7,2419.6,4057.88,13.2,6.7,24.7,11.6,10.97,50.06,26.86,12.1,2,79.8
0.169863013699,0.616438356164,0.172602739726,0.041095890411,0.0,133.0,71.0,0.0,0.0,0.383561643836,0.0,0.6,0.0164383561644,0.0513261147272,154998,7.6,27.5,13.1,51.8,85.9,4.3,4.5,2.6,0.3,2.5,56.7,35.1,21.6,3.35,70.8,13.3,17.4,45073,22.6,70.6,2137.07,15.2,7.1,34.4,13.7,9.18,68.78,16.63,5.41,2,13.9
0.27868852459,0.5,0.191256830601,0.0300546448087,0.0,129.0,64.0,0.0,0.0,0.560109289617,0.0,0.418032786885,0.0218579234973,0.0137454552261,154998,7.6,27.5,13.1,51.8,85.9,4.3,4.5,2.6,0.3,2.5,56.7,35.1,21.6,3.35,70.8,13.3,17.4,45073,22.6,70.6,2137.07,15.2,7.1,34.4,13.7,9.18,68.78,16.63,5.41,2,13.9
0.180821917808,0.616438356164,0.175342465753,0.027397260274,0.0,119.0,71.0,0.0,0.0,0.517808219178,0.0,0.46301369863,0.0191780821918,0.0843005844451,154998,7.6,27.5,13.1,51.8,85.9,4.3,4.5,2.6,0.3,2.5,56.7,35.1,21.6,3.35,70.8,13.3,17.4,45073,22.6,70.6,2137.07,15.2,7.1,34.4,13.7,9.18,68.78,16.63,5.41,2,13.9
0.260273972603,0.534246575342,0.164383561644,0.041095890411,0.0,126.0,67.0,0.0,0.0,0.597260273973,0.0,0.372602739726,0.0301369863014,0.0729678952959,154998,7.6,27.5,13.1,51.8,85.9,4.3,4.5,2.6,0.3,2.5,56.7,35.1,21.6,3.35,70.8,13.3,17.4,45073,22.6,70.6,2137.07,15.2,7.1,34.4,13.7,9.18,68.78,16.63,5.41,2,13.9
0.298630136986,0.572602739726,0.117808219178,0.0109589041096,0.0,105.0,63.0,0.0,0.0,0.6,0.0,0.350684931507,0.0493150684932,0.084154356198,154998,7.6,27.5,13.1,51.8,85.9,4.3,4.5,2.6,0.3,2.5,56.7,35.1,21.6,3.35,70.8,13.3,17.4,45073,22.6,70.6,2137.07,15.2,7.1,34.4,13.7,9.18,68.78,16.63,5.41,2,13.9
0.764383561644,0.232876712329,0.0027397260274,0.0,0.0,59.0,39.0,0.0,0.041095890411,0.287671232877,0.0,0.668493150685,0.0027397260274,0.0,261221,4.8,20.5,20.0,51.2,85.8,2.9,1.0,6.2,0.2,3.8,16.0,71.9,18.2,2.41,92.9,55.8,8.7,93257,7.5,485.1,520.31,5.5,4.6,13.9,7.8,21.93,34.37,33.9,9.8,3,40.2
0.871584699454,0.128415300546,0.0,0.0,0.0,52.0,35.0,0.0,0.0409836065574,0.404371584699,0.0,0.554644808743,0.0,0.0,261221,4.8,20.5,20.0,51.2,85.8,2.9,1.0,6.2,0.2,3.8,16.0,71.9,18.2,2.41,92.9,55.8,8.7,93257,7.5,485.1,520.31,5.5,4.6,13.9,7.8,21.93,34.37,33.9,9.8,3,40.2
0.695054945055,0.299450549451,0.00549450549451,0.0,0.0,61.0,40.0,0.0,0.010989010989,0.184065934066,0.0,0.804945054945,0.0,0.0,261221,4.8,20.5,20.0,51.2,85.8,2.9,1.0,6.2,0.2,3.8,16.0,71.9,18.2,2.41,92.9,55.8,8.7,93257,7.5,485.1,520.31,5.5,4.6,13.9,7.8,21.93,34.37,33.9,9.8,3,40.2
0.715068493151,0.282191780822,0.0027397260274,0.0,0.0,61.0,43.0,0.0,0.0164383561644,0.131506849315,0.0,0.852054794521,0.0,0.0,261221,4.8,20.5,20.0,51.2,85.8,2.9,1.0,6.2,0.2,3.8,16.0,71.9,18.2,2.41,92.9,55.8,8.7,93257,7.5,485.1,520.31,5.5,4.6,13.9,7.8,21.93,34.37,33.9,9.8,3,40.2
0.78021978022,0.214285714286,0.00549450549451,0.0,0.0,61.0,36.0,0.0,0.043956043956,0.467032967033,0.0,0.486263736264,0.00274725274725,0.0,261221,4.8,20.5,20.0,51.2,85.8,2.9,1.0,6.2,0.2,3.8,16.0,71.9,18.2,2.41,92.9,55.8,8.7,93257,7.5,485.1,520.31,5.5,4.6,13.9,7.8,21.93,34.37,33.9,9.8,3,40.2
0.578082191781,0.345205479452,0.0767123287671,0.0,0.0,97.0,48.0,0.0,0.0,0.808219178082,0.0,0.186301369863,0.00547945205479,0.0120787951574,17531,4.2,16.4,25.2,49.4,89.8,1.1,3.4,1.6,0.2,3.9,11.2,80.5,6.5,2.29,89.5,22.1,12.6,47681,15.2,12.6,1448.82,16.9,8.0,18.7,10.6,40.0,16.67,36.67,6.67,2,0.0
0.459016393443,0.415300546448,0.120218579235,0.00546448087432,0.0,105.0,54.0,0.0,0.0,0.825136612022,0.0,0.174863387978,0.0,0.188731174335,17531,4.2,16.4,25.2,49.4,89.8,1.1,3.4,1.6,0.2,3.9,11.2,80.5,6.5,2.29,89.5,22.1,12.6,47681,15.2,12.6,1448.82,16.9,8.0,18.7,10.6,40.0,16.67,36.67,6.67,2,0.0
0.484931506849,0.454794520548,0.0575342465753,0.0,0.0027397260274,90.0,51.0,0.0,0.0,0.769863013699,0.0,0.221917808219,0.00821917808219,0.0142357228641,17531,4.2,16.4,25.2,49.4,89.8,1.1,3.4,1.6,0.2,3.9,11.2,80.5,6.5,2.29,89.5,22.1,12.6,47681,15.2,12.6,1448.82,16.9,8.0,18.7,10.6,40.0,16.67,36.67,6.67,2,0.0
0.534246575342,0.391780821918,0.0712328767123,0.0027397260274,0.0,93.0,49.0,0.0,0.0,0.827397260274,0.0,0.161643835616,0.0109589041096,0.0568350450712,17531,4.2,16.4,25.2,49.4,89.8,1.1,3.4,1.6,0.2,3.9,11.2,80.5,6.5,2.29,89.5,22.1,12.6,47681,15.2,12.6,1448.82,16.9,8.0,18.7,10.6,40.0,16.67,36.67,6.67,2,0.0
0.654794520548,0.315068493151,0.0164383561644,0.0109589041096,0.0027397260274,84.0,46.0,0.0,0.0,0.884931506849,0.0,0.0904109589041,0.0246575342466,0.0121866415428,17531,4.2,16.4,25.2,49.4,89.8,1.1,3.4,1.6,0.2,3.9,11.2,80.5,6.5,2.29,89.5,22.1,12.6,47681,15.2,12.6,1448.82,16.9,8.0,18.7,10.6,40.0,16.67,36.67,6.67,2,0.0
0.806094182825,0.193905817175,0.0,0.0,0.0,56.0,39.0,0.0,0.0,0.0609418282548,0.0,0.883656509695,0.0554016620499,0.0341345961886,87649,6.0,21.7,19.8,50.2,86.3,1.0,6.3,2.2,0.2,3.9,24.5,65.8,12.7,2.51,86.8,23.7,15.8,42980,20.3,25.1,3506.34,13.0,8.0,26.5,10.5,12.9,17.63,59.57,9.89,3,16.6
0.879551820728,0.120448179272,0.0,0.0,0.0,52.0,33.0,0.0,0.0,0.554621848739,0.0,0.425770308123,0.0196078431373,0.237649871376,87649,6.0,21.7,19.8,50.2,86.3,1.0,6.3,2.2,0.2,3.9,24.5,65.8,12.7,2.51,86.8,23.7,15.8,42980,20.3,25.1,3506.34,13.0,8.0,26.5,10.5,12.9,17.63,59.57,9.89,3,16.6
0.83081570997,0.16918429003,0.0,0.0,0.0,59.0,28.0,0.0,0.0,0.151057401813,0.0,0.356495468278,0.492447129909,0.0310152466675,87649,6.0,21.7,19.8,50.2,86.3,1.0,6.3,2.2,0.2,3.9,24.5,65.8,12.7,2.51,86.8,23.7,15.8,42980,20.3,25.1,3506.34,13.0,8.0,26.5,10.5,12.9,17.63,59.57,9.89,3,16.6
0.8,0.2,0.0,0.0,0.0,58.0,38.0,0.0,0.0,0.427397260274,0.0,0.569863013699,0.0027397260274,0.58853213037,87649,6.0,21.7,19.8,50.2,86.3,1.0,6.3,2.2,0.2,3.9,24.5,65.8,12.7,2.51,86.8,23.7,15.8,42980,20.3,25.1,3506.34,13.0,8.0,26.5,10.5,12.9,17.63,59.57,9.89,3,16.6
0.827397260274,0.161643835616,0.00547945205479,0.00547945205479,0.0,55.0,38.0,0.0,0.0,0.345205479452,0.0,0.654794520548,0.0,0.01622061751,87649,6.0,21.7,19.8,50.2,86.3,1.0,6.3,2.2,0.2,3.9,24.5,65.8,12.7,2.51,86.8,23.7,15.8,42980,20.3,25.1,3506.34,13.0,8.0,26.5,10.5,12.9,17.63,59.57,9.89,3,16.6
0.339779005525,0.494475138122,0.160220994475,0.00552486187845,0.0,115.0,64.0,0.0,0.00276243093923,0.486187845304,0.0,0.511049723757,0.0,0.112808596516,268455,8.0,29.9,10.6,49.5,81.9,4.1,2.5,8.1,0.4,3.1,58.2,28.9,25.5,3.32,67.9,13.1,14.9,42462,25.9,132.2,1934.97,15.6,7.0,34.1,17.2,48.46,33.6,12.37,5.57,3,28.4
0.448087431694,0.459016393443,0.0901639344262,0.00273224043716,0.0,97.0,53.0,0.0,0.0,0.642076502732,0.0,0.349726775956,0.00819672131148,0.0368222763144,268455,8.0,29.9,10.6,49.5,81.9,4.1,2.5,8.1,0.4,3.1,58.2,28.9,25.5,3.32,67.9,13.1,14.9,42462,25.9,132.2,1934.97,15.6,7.0,34.1,17.2,48.46,33.6,12.37,5.57,3,28.4
0.381868131868,0.486263736264,0.118131868132,0.0137362637363,0.0,112.0,58.0,0.0,0.00274725274725,0.53021978022,0.0,0.458791208791,0.00824175824176,0.0230946733024,268455,8.0,29.9,10.6,49.5,81.9,4.1,2.5,8.1,0.4,3.1,58.2,28.9,25.5,3.32,67.9,13.1,14.9,42462,25.9,132.2,1934.97,15.6,7.0,34.1,17.2,48.46,33.6,12.37,5.57,3,28.4
0.406593406593,0.434065934066,0.153846153846,0.00549450549451,0.0,113.0,60.0,0.0,0.00549450549451,0.673076923077,0.0,0.315934065934,0.00549450549451,0.00314927363215,268455,8.0,29.9,10.6,49.5,81.9,4.1,2.5,8.1,0.4,3.1,58.2,28.9,25.5,3.32,67.9,13.1,14.9,42462,25.9,132.2,1934.97,15.6,7.0,34.1,17.2,48.46,33.6,12.37,5.57,3,28.4
0.38904109589,0.487671232877,0.112328767123,0.0109589041096,0.0,105.0,58.0,0.0,0.0,0.586301369863,0.0,0.41095890411,0.0027397260274,0.305964045954,268455,8.0,29.9,10.6,49.5,81.9,4.1,2.5,8.1,0.4,3.1,58.2,28.9,25.5,3.32,67.9,13.1,14.9,42462,25.9,132.2,1934.97,15.6,7.0,34.1,17.2,48.46,33.6,12.37,5.57,3,28.4
0.857534246575,0.0931506849315,0.0109589041096,0.0027397260274,0.0356164383562,57.0,16.0,0.0,0.0,0.0,0.0,0.0520547945205,0.947945205479,0.0,13909,5.1,19.2,12.9,46.6,91.3,0.9,2.9,1.8,0.5,2.6,27.7,65.6,16.7,2.82,84.9,32.3,16.5,56944,11.2,4.7,3048.98,16.9,8.0,18.7,9.0,6.12,44.9,24.49,24.49,2,11.9
0.890710382514,0.0437158469945,0.0136612021858,0.0136612021858,0.0382513661202,54.0,17.0,0.0,0.0,0.0,0.0,0.0655737704918,0.934426229508,0.0,13909,5.1,19.2,12.9,46.6,91.3,0.9,2.9,1.8,0.5,2.6,27.7,65.6,16.7,2.82,84.9,32.3,16.5,56944,11.2,4.7,3048.98,16.9,8.0,18.7,9.0,6.12,44.9,24.49,24.49,2,11.9
0.852054794521,0.117808219178,0.0164383561644,0.0027397260274,0.0109589041096,58.0,19.0,0.0,0.0,0.0,0.0,0.0438356164384,0.956164383562,0.0,13909,5.1,19.2,12.9,46.6,91.3,0.9,2.9,1.8,0.5,2.6,27.7,65.6,16.7,2.82,84.9,32.3,16.5,56944,11.2,4.7,3048.98,16.9,8.0,18.7,9.0,6.12,44.9,24.49,24.49,2,11.9
0.912328767123,0.0547945205479,0.0027397260274,0.00821917808219,0.0219178082192,44.0,15.0,0.0,0.0,0.0,0.0,0.0821917808219,0.917808219178,0.0,13909,5.1,19.2,12.9,46.6,91.3,0.9,2.9,1.8,0.5,2.6,27.7,65.6,16.7,2.82,84.9,32.3,16.5,56944,11.2,4.7,3048.98,16.9,8.0,18.7,9.0,6.12,44.9,24.49,24.49,2,11.9
0.879452054795,0.0684931506849,0.00547945205479,0.0109589041096,0.0356164383562,54.0,14.0,0.0,0.0,0.0,0.0,0.101369863014,0.898630136986,0.0,13909,5.1,19.2,12.9,46.6,91.3,0.9,2.9,1.8,0.5,2.6,27.7,65.6,16.7,2.82,84.9,32.3,16.5,56944,11.2,4.7,3048.98,16.9,8.0,18.7,9.0,6.12,44.9,24.49,24.49,2,11.9
0.917808219178,0.0821917808219,0.0,0.0,0.0,49.0,37.0,0.0,0.013698630137,0.706849315068,0.0,0.208219178082,0.0712328767123,0.085778897153,433898,7.7,26.4,12.3,49.1,82.6,3.5,2.7,6.9,0.6,3.7,57.8,30.7,30.1,3.26,70.7,23.1,17.4,58783,15.3,126.5,3280.6,10.1,3.9,25.1,11.9,10.75,64.13,14.46,10.66,2,40.8
0.906849315068,0.0931506849315,0.0,0.0,0.0,50.0,37.0,0.0,0.00821917808219,0.652054794521,0.0,0.271232876712,0.0684931506849,0.134169435469,433898,7.7,26.4,12.3,49.1,82.6,3.5,2.7,6.9,0.6,3.7,57.8,30.7,30.1,3.26,70.7,23.1,17.4,58783,15.3,126.5,3280.6,10.1,3.9,25.1,11.9,10.75,64.13,14.46,10.66,2,40.8
0.87397260274,0.12602739726,0.0,0.0,0.0,52.0,38.0,0.0,0.0109589041096,0.564383561644,0.0,0.33698630137,0.0876712328767,0.00962095348412,433898,7.7,26.4,12.3,49.1,82.6,3.5,2.7,6.9,0.6,3.7,57.8,30.7,30.1,3.26,70.7,23.1,17.4,58783,15.3,126.5,3280.6,10.1,3.9,25.1,11.9,10.75,64.13,14.46,10.66,2,40.8
0.923287671233,0.0767123287671,0.0,0.0,0.0,48.0,37.0,0.0,0.0,0.684931506849,0.0,0.216438356164,0.0986301369863,0.0178130524904,433898,7.7,26.4,12.3,49.1,82.6,3.5,2.7,6.9,0.6,3.7,57.8,30.7,30.1,3.26,70.7,23.1,17.4,58783,15.3,126.5,3280.6,10.1,3.9,25.1,11.9,10.75,64.13,14.46,10.66,2,40.8
0.906849315068,0.0904109589041,0.0027397260274,0.0,0.0,50.0,37.0,0.0,0.00547945205479,0.679452054795,0.0,0.243835616438,0.0712328767123,0.0574399500091,433898,7.7,26.4,12.3,49.1,82.6,3.5,2.7,6.9,0.6,3.7,57.8,30.7,30.1,3.26,70.7,23.1,17.4,58783,15.3,126.5,3280.6,10.1,3.9,25.1,11.9,10.75,64.13,14.46,10.66,2,40.8
0.665753424658,0.328767123288,0.00547945205479,0.0,0.0,66.0,42.0,0.0027397260274,0.0246575342466,0.394520547945,0.0,0.572602739726,0.00547945205479,0.129240940189,142456,5.4,21.5,17.4,50.4,84.5,2.4,1.2,8.3,0.4,3.2,33.9,53.3,23.0,2.74,83.2,32.4,12.5,71379,10.1,182.4,748.36,7.1,2.9,28.9,8.7,18.15,35.38,33.69,12.77,3,36.2
0.744505494505,0.255494505495,0.0,0.0,0.0,62.0,38.0,0.0,0.0192307692308,0.527472527473,0.0,0.453296703297,0.0,0.0492744133839,142456,5.4,21.5,17.4,50.4,84.5,2.4,1.2,8.3,0.4,3.2,33.9,53.3,23.0,2.74,83.2,32.4,12.5,71379,10.1,182.4,748.36,7.1,2.9,28.9,8.7,18.15,35.38,33.69,12.77,3,36.2
0.597260273973,0.394520547945,0.00821917808219,0.0,0.0,70.0,44.0,0.0,0.0109589041096,0.33698630137,0.0,0.652054794521,0.0,0.0933290795874,142456,5.4,21.5,17.4,50.4,84.5,2.4,1.2,8.3,0.4,3.2,33.9,53.3,23.0,2.74,83.2,32.4,12.5,71379,10.1,182.4,748.36,7.1,2.9,28.9,8.7,18.15,35.38,33.69,12.77,3,36.2
0.586301369863,0.413698630137,0.0,0.0,0.0,65.0,46.0,0.0,0.0,0.180821917808,0.0,0.819178082192,0.0,2.28750200438,142456,5.4,21.5,17.4,50.4,84.5,2.4,1.2,8.3,0.4,3.2,33.9,53.3,23.0,2.74,83.2,32.4,12.5,71379,10.1,182.4,748.36,7.1,2.9,28.9,8.7,18.15,35.38,33.69,12.77,3,36.2
0.649315068493,0.347945205479,0.0027397260274,0.0,0.0,69.0,44.0,0.0027397260274,0.0,0.386301369863,0.0,0.605479452055,0.00547945205479,1.70643974825,142456,5.4,21.5,17.4,50.4,84.5,2.4,1.2,8.3,0.4,3.2,33.9,53.3,23.0,2.74,83.2,32.4,12.5,71379,10.1,182.4,748.36,7.1,2.9,28.9,8.7,18.15,35.38,33.69,12.77,3,36.2
0.687671232877,0.254794520548,0.0547945205479,0.0027397260274,0.0,87.0,43.0,0.0,0.0,0.931506849315,0.0,0.0684931506849,0.0,0.00717813253704,98877,4.3,17.6,24.5,50.8,93.5,0.6,1.2,1.5,0.2,3.0,9.3,85.4,6.2,2.38,93.9,33.7,11.7,56521,12.4,103.1,957.77,12.9,4.5,18.5,10.7,19.24,44.17,23.58,13.01,2,14.5
0.636612021858,0.286885245902,0.0710382513661,0.00546448087432,0.0,97.0,42.0,0.0,0.0,0.956284153005,0.0,0.0437158469945,0.0,0.0117460350606,98877,4.3,17.6,24.5,50.8,93.5,0.6,1.2,1.5,0.2,3.0,9.3,85.4,6.2,2.38,93.9,33.7,11.7,56521,12.4,103.1,957.77,12.9,4.5,18.5,10.7,19.24,44.17,23.58,13.01,2,14.5
0.57182320442,0.370165745856,0.0580110497238,0.0,0.0,91.0,47.5,0.0,0.0,0.92817679558,0.0,0.0718232044199,0.0,0.0213712582353,98877,4.3,17.6,24.5,50.8,93.5,0.6,1.2,1.5,0.2,3.0,9.3,85.4,6.2,2.38,93.9,33.7,11.7,56521,12.4,103.1,957.77,12.9,4.5,18.5,10.7,19.24,44.17,23.58,13.01,2,14.5
0.586301369863,0.320547945205,0.0904109589041,0.0027397260274,0.0,100.0,46.0,0.0,0.0,0.978082191781,0.0,0.0219178082192,0.0,0.0345855476785,98877,4.3,17.6,24.5,50.8,93.5,0.6,1.2,1.5,0.2,3.0,9.3,85.4,6.2,2.38,93.9,33.7,11.7,56521,12.4,103.1,957.77,12.9,4.5,18.5,10.7,19.24,44.17,23.58,13.01,2,14.5
0.596153846154,0.318681318681,0.0796703296703,0.00549450549451,0.0,93.0,47.0,0.0,0.0,0.978021978022,0.0,0.021978021978,0.0,0.407195882101,98877,4.3,17.6,24.5,50.8,93.5,0.6,1.2,1.5,0.2,3.0,9.3,85.4,6.2,2.38,93.9,33.7,11.7,56521,12.4,103.1,957.77,12.9,4.5,18.5,10.7,19.24,44.17,23.58,13.01,2,14.5
0.276712328767,0.684931506849,0.0383561643836,0.0,0.0,87.0,58.0,0.0,0.0465753424658,0.208219178082,0.0,0.739726027397,0.00547945205479,0.0,3169776,6.0,22.6,13.6,50.6,73.0,2.1,1.1,20.1,0.4,3.3,34.4,41.4,30.5,3.04,84.3,37.7,13.4,76509,12.7,3807.7,790.57,10.8,4.4,23.1,9.0,13.1,39.74,37.3,9.87,3,74.2
0.357923497268,0.609289617486,0.0327868852459,0.0,0.0,84.0,55.0,0.0,0.0409836065574,0.300546448087,0.0,0.655737704918,0.00273224043716,0.0,3169776,6.0,22.6,13.6,50.6,73.0,2.1,1.1,20.1,0.4,3.3,34.4,41.4,30.5,3.04,84.3,37.7,13.4,76509,12.7,3807.7,790.57,10.8,4.4,23.1,9.0,13.1,39.74,37.3,9.87,3,74.2
0.38904109589,0.578082191781,0.0328767123288,0.0,0.0,73.0,53.0,0.0,0.0657534246575,0.27397260274,0.0,0.652054794521,0.00821917808219,0.0,3169776,6.0,22.6,13.6,50.6,73.0,2.1,1.1,20.1,0.4,3.3,34.4,41.4,30.5,3.04,84.3,37.7,13.4,76509,12.7,3807.7,790.57,10.8,4.4,23.1,9.0,13.1,39.74,37.3,9.87,3,74.2
0.227397260274,0.715068493151,0.0520547945205,0.00547945205479,0.0,87.0,59.0,0.0,0.0438356164384,0.191780821918,0.0,0.758904109589,0.00547945205479,0.0,3169776,6.0,22.6,13.6,50.6,73.0,2.1,1.1,20.1,0.4,3.3,34.4,41.4,30.5,3.04,84.3,37.7,13.4,76509,12.7,3807.7,790.57,10.8,4.4,23.1,9.0,13.1,39.74,37.3,9.87,3,74.2
0.347945205479,0.594520547945,0.0520547945205,0.00547945205479,0.0,87.0,56.0,0.0,0.0931506849315,0.347945205479,0.0,0.556164383562,0.0027397260274,0.0,3169776,6.0,22.6,13.6,50.6,73.0,2.1,1.1,20.1,0.4,3.3,34.4,41.4,30.5,3.04,84.3,37.7,13.4,76509,12.7,3807.7,790.57,10.8,4.4,23.1,9.0,13.1,39.74,37.3,9.87,3,74.2
0.47397260274,0.419178082192,0.0904109589041,0.0164383561644,0.0,101.0,52.0,0.0,0.0164383561644,0.641095890411,0.0,0.342465753425,0.0,0.00644096346152,375391,5.3,22.6,18.5,51.3,85.5,1.8,1.1,7.3,0.2,4.1,13.8,73.6,10.5,2.67,94.1,36.4,8.8,73948,8.6,247.6,1407.01,7.6,3.0,18.1,10.6,18.81,18.81,52.36,10.01,2,32.6
0.521857923497,0.366120218579,0.0956284153005,0.016393442623,0.0,105.0,49.0,0.0,0.0218579234973,0.710382513661,0.0,0.267759562842,0.0,0.302503180503,375391,5.3,22.6,18.5,51.3,85.5,1.8,1.1,7.3,0.2,4.1,13.8,73.6,10.5,2.67,94.1,36.4,8.8,73948,8.6,247.6,1407.01,7.6,3.0,18.1,10.6,18.81,18.81,52.36,10.01,2,32.6
0.498630136986,0.454794520548,0.0356164383562,0.0109589041096,0.0,84.0,51.0,0.0,0.013698630137,0.575342465753,0.0,0.41095890411,0.0,0.0194339414787,375391,5.3,22.6,18.5,51.3,85.5,1.8,1.1,7.3,0.2,4.1,13.8,73.6,10.5,2.67,94.1,36.4,8.8,73948,8.6,247.6,1407.01,7.6,3.0,18.1,10.6,18.81,18.81,52.36,10.01,2,32.6
0.460273972603,0.46301369863,0.0630136986301,0.0109589041096,0.0027397260274,97.0,52.0,0.0,0.00547945205479,0.654794520548,0.0,0.339726027397,0.0,0.0613002039786,375391,5.3,22.6,18.5,51.3,85.5,1.8,1.1,7.3,0.2,4.1,13.8,73.6,10.5,2.67,94.1,36.4,8.8,73948,8.6,247.6,1407.01,7.6,3.0,18.1,10.6,18.81,18.81,52.36,10.01,2,32.6
0.460273972603,0.482191780822,0.0465753424658,0.0109589041096,0.0,90.0,54.0,0.0,0.0,0.720547945205,0.0,0.279452054795,0.0,0.0220991677387,375391,5.3,22.6,18.5,51.3,85.5,1.8,1.1,7.3,0.2,4.1,13.8,73.6,10.5,2.67,94.1,36.4,8.8,73948,8.6,247.6,1407.01,7.6,3.0,18.1,10.6,18.81,18.81,52.36,10.01,2,32.6
0.614754098361,0.344262295082,0.0327868852459,0.00819672131148,0.0,88.0,38.5,0.0,0.0,0.0,0.0,1.0,0.0,0.000244806191834,18409,4.4,17.1,25.7,49.8,90.6,1.1,3.2,1.2,0.1,3.7,8.3,83.9,4.5,2.26,90.5,22.0,11.9,47333,13.8,7.8,2553.04,15.2,11.5,31.4,16.4,22.73,39.39,30.3,7.58,2,1.6
0.612903225806,0.322580645161,0.0645161290323,0.0,0.0,91.0,35.5,0.0,0.0,0.0,0.0,1.0,0.0,0.00618135634381,18409,4.4,17.1,25.7,49.8,90.6,1.1,3.2,1.2,0.1,3.7,8.3,83.9,4.5,2.26,90.5,22.0,11.9,47333,13.8,7.8,2553.04,15.2,11.5,31.4,16.4,22.73,39.39,30.3,7.58,2,1.6
0.546218487395,0.327731092437,0.109243697479,0.0168067226891,0.0,113.0,42.0,0.0,0.0,0.0,0.0,1.0,0.0,0.000122403095917,18409,4.4,17.1,25.7,49.8,90.6,1.1,3.2,1.2,0.1,3.7,8.3,83.9,4.5,2.26,90.5,22.0,11.9,47333,13.8,7.8,2553.04,15.2,11.5,31.4,16.4,22.73,39.39,30.3,7.58,2,1.6
0.566929133858,0.330708661417,0.0787401574803,0.0236220472441,0.0,103.0,41.0,0.0,0.0,0.0,0.0,1.0,0.0,0.0,18409,4.4,17.1,25.7,49.8,90.6,1.1,3.2,1.2,0.1,3.7,8.3,83.9,4.5,2.26,90.5,22.0,11.9,47333,13.8,7.8,2553.04,15.2,11.5,31.4,16.4,22.73,39.39,30.3,7.58,2,1.6
0.515151515152,0.378787878788,0.0757575757576,0.030303030303,0.0,102.0,49.0,0.0,0.0,0.0,0.0,1.0,0.0,0.000122403095917,18409,4.4,17.1,25.7,49.8,90.6,1.1,3.2,1.2,0.1,3.7,8.3,83.9,4.5,2.26,90.5,22.0,11.9,47333,13.8,7.8,2553.04,15.2,11.5,31.4,16.4,22.73,39.39,30.3,7.58,2,1.6
0.0602739726027,0.512328767123,0.265753424658,0.13698630137,0.0246575342466,164.0,92.0,0.0,0.0,0.495890410959,0.00547945205479,0.364383561644,0.134246575342,0.0502585867164,2361026,6.7,26.0,13.6,50.3,80.2,7.1,1.9,6.9,0.4,3.4,47.9,36.7,22.0,3.24,80.1,20.9,17.0,56603,16.2,303.8,7206.48,13.4,5.2,25.9,13.6,11.15,41.13,28.6,19.12,2,41.6
0.0573770491803,0.486338797814,0.308743169399,0.144808743169,0.00273224043716,156.0,94.0,0.0,0.00273224043716,0.494535519126,0.0,0.385245901639,0.117486338798,0.135641811259,2361026,6.7,26.0,13.6,50.3,80.2,7.1,1.9,6.9,0.4,3.4,47.9,36.7,22.0,3.24,80.1,20.9,17.0,56603,16.2,303.8,7206.48,13.4,5.2,25.9,13.6,11.15,41.13,28.6,19.12,2,41.6
0.0931506849315,0.534246575342,0.268493150685,0.0986301369863,0.00547945205479,151.0,87.0,0.0,0.0,0.520547945205,0.0,0.334246575342,0.145205479452,1.07238554745,2361026,6.7,26.0,13.6,50.3,80.2,7.1,1.9,6.9,0.4,3.4,47.9,36.7,22.0,3.24,80.1,20.9,17.0,56603,16.2,303.8,7206.48,13.4,5.2,25.9,13.6,11.15,41.13,28.6,19.12,2,41.6
0.0520547945205,0.520547945205,0.334246575342,0.0876712328767,0.00547945205479,150.0,93.0,0.0,0.0,0.553424657534,0.0,0.271232876712,0.175342465753,0.00806565757485,2361026,6.7,26.0,13.6,50.3,80.2,7.1,1.9,6.9,0.4,3.4,47.9,36.7,22.0,3.24,80.1,20.9,17.0,56603,16.2,303.8,7206.48,13.4,5.2,25.9,13.6,11.15,41.13,28.6,19.12,2,41.6
0.115068493151,0.504109589041,0.287671232877,0.0876712328767,0.00547945205479,150.0,87.0,0.0,0.0,0.528767123288,0.0,0.293150684932,0.178082191781,0.0272324352527,2361026,6.7,26.0,13.6,50.3,80.2,7.1,1.9,6.9,0.4,3.4,47.9,36.7,22.0,3.24,80.1,20.9,17.0,56603,16.2,303.8,7206.48,13.4,5.2,25.9,13.6,11.15,41.13,28.6,19.12,2,41.6
0.427397260274,0.383561643836,0.145205479452,0.0438356164384,0.0,129.0,55.0,0.0,0.00547945205479,0.605479452055,0.0,0.380821917808,0.00821917808219,0.00971865151766,1501335,6.6,24.1,13.2,51.1,64.3,10.9,1.6,16.0,1.2,6.1,22.7,46.0,20.4,2.76,86.6,28.8,11.5,55987,16.9,1470.8,964.64,16.2,5.6,28.0,11.3,12.34,52.94,24.42,10.3,3,57.9
0.483606557377,0.360655737705,0.125683060109,0.0273224043716,0.00273224043716,119.0,51.5,0.0,0.016393442623,0.72131147541,0.0,0.25956284153,0.00273224043716,0.0144159997512,1501335,6.6,24.1,13.2,51.1,64.3,10.9,1.6,16.0,1.2,6.1,22.7,46.0,20.4,2.76,86.6,28.8,11.5,55987,16.9,1470.8,964.64,16.2,5.6,28.0,11.3,12.34,52.94,24.42,10.3,3,57.9
0.443835616438,0.46301369863,0.0876712328767,0.00547945205479,0.0,100.0,54.0,0.0,0.00821917808219,0.586301369863,0.0,0.38904109589,0.0164383561644,0.0134441345994,1501335,6.6,24.1,13.2,51.1,64.3,10.9,1.6,16.0,1.2,6.1,22.7,46.0,20.4,2.76,86.6,28.8,11.5,55987,16.9,1470.8,964.64,16.2,5.6,28.0,11.3,12.34,52.94,24.42,10.3,3,57.9
0.487671232877,0.402739726027,0.109589041096,0.0,0.0,105.0,51.0,0.0,0.00547945205479,0.671232876712,0.0,0.317808219178,0.00547945205479,0.0152258873777,1501335,6.6,24.1,13.2,51.1,64.3,10.9,1.6,16.0,1.2,6.1,22.7,46.0,20.4,2.76,86.6,28.8,11.5,55987,16.9,1470.8,964.64,16.2,5.6,28.0,11.3,12.34,52.94,24.42,10.3,3,57.9
0.419178082192,0.504109589041,0.0684931506849,0.00821917808219,0.0,93.0,54.0,0.0,0.0027397260274,0.520547945205,0.0,0.476712328767,0.0,0.0981583803284,1501335,6.6,24.1,13.2,51.1,64.3,10.9,1.6,16.0,1.2,6.1,22.7,46.0,20.4,2.76,86.6,28.8,11.5,55987,16.9,1470.8,964.64,16.2,5.6,28.0,11.3,12.34,52.94,24.42,10.3,3,57.9
0.821917808219,0.172602739726,0.00547945205479,0.0,0.0,61.0,41.0,0.0,0.0,0.857534246575,0.0,0.134246575342,0.00821917808219,0.0133892245321,58792,6.8,26.6,11.8,49.8,88.3,1.4,3.1,3.5,0.4,3.3,58.7,35.5,20.3,3.33,78.0,19.0,13.5,71077,9.3,39.8,1388.71,15.5,3.2,41.2,14.4,9.03,61.29,23.23,6.45,2,21.3
0.781420765027,0.196721311475,0.0218579234973,0.0,0.0,71.0,41.0,0.0,0.0,0.931693989071,0.0,0.0655737704918,0.00273224043716,0.00618829705266,58792,6.8,26.6,11.8,49.8,88.3,1.4,3.1,3.5,0.4,3.3,58.7,35.5,20.3,3.33,78.0,19.0,13.5,71077,9.3,39.8,1388.71,15.5,3.2,41.2,14.4,9.03,61.29,23.23,6.45,2,21.3
0.805479452055,0.180821917808,0.013698630137,0.0,0.0,61.0,43.0,0.0,0.0,0.868493150685,0.0,0.120547945205,0.0109589041096,0.0524317532098,58792,6.8,26.6,11.8,49.8,88.3,1.4,3.1,3.5,0.4,3.3,58.7,35.5,20.3,3.33,78.0,19.0,13.5,71077,9.3,39.8,1388.71,15.5,3.2,41.2,14.4,9.03,61.29,23.23,6.45,2,21.3
0.819178082192,0.169863013699,0.0109589041096,0.0,0.0,61.0,42.0,0.0,0.0,0.939726027397,0.0,0.0547945205479,0.00547945205479,0.0027003478048,58792,6.8,26.6,11.8,49.8,88.3,1.4,3.1,3.5,0.4,3.3,58.7,35.5,20.3,3.33,78.0,19.0,13.5,71077,9.3,39.8,1388.71,15.5,3.2,41.2,14.4,9.03,61.29,23.23,6.45,2,21.3
0.857534246575,0.142465753425,0.0,0.0,0.0,58.0,39.0,0.0,0.0,0.928767123288,0.0,0.0657534246575,0.00547945205479,0.0865236442454,58792,6.8,26.6,11.8,49.8,88.3,1.4,3.1,3.5,0.4,3.3,58.7,35.5,20.3,3.33,78.0,19.0,13.5,71077,9.3,39.8,1388.71,15.5,3.2,41.2,14.4,9.03,61.29,23.23,6.45,2,21.3
0.120547945205,0.476712328767,0.227397260274,0.156164383562,0.0191780821918,166.0,84.0,0.0,0.0164383561644,0.583561643836,0.0,0.391780821918,0.00821917808219,0.0155183193448,2128133,7.2,26.9,10.7,50.2,77.2,9.5,2.0,7.4,0.5,3.4,52.2,30.0,21.3,3.33,78.6,19.0,14.7,53433,18.9,101.5,20056.94,13.3,5.5,33.2,13.0,10.76,53.49,24.5,11.25,2,49.3
0.136612021858,0.472677595628,0.229508196721,0.139344262295,0.0218579234973,169.0,89.5,0.0,0.0382513661202,0.620218579235,0.0,0.31693989071,0.0245901639344,0.0114206105218,2128133,7.2,26.9,10.7,50.2,77.2,9.5,2.0,7.4,0.5,3.4,52.2,30.0,21.3,3.33,78.6,19.0,14.7,53433,18.9,101.5,20056.94,13.3,5.5,33.2,13.0,10.76,53.49,24.5,11.25,2,49.3
0.180821917808,0.449315068493,0.227397260274,0.134246575342,0.00821917808219,159.0,84.0,0.0,0.0739726027397,0.621917808219,0.0,0.265753424658,0.0383561643836,0.00518835375685,2128133,7.2,26.9,10.7,50.2,77.2,9.5,2.0,7.4,0.5,3.4,52.2,30.0,21.3,3.33,78.6,19.0,14.7,53433,18.9,101.5,20056.94,13.3,5.5,33.2,13.0,10.76,53.49,24.5,11.25,2,49.3
0.104109589041,0.545205479452,0.227397260274,0.120547945205,0.0027397260274,159.0,81.0,0.0,0.0438356164384,0.583561643836,0.0,0.32602739726,0.0465753424658,0.000288241875381,2128133,7.2,26.9,10.7,50.2,77.2,9.5,2.0,7.4,0.5,3.4,52.2,30.0,21.3,3.33,78.6,19.0,14.7,53433,18.9,101.5,20056.94,13.3,5.5,33.2,13.0,10.76,53.49,24.5,11.25,2,49.3
0.12602739726,0.509589041096,0.249315068493,0.101369863014,0.013698630137,154.0,84.0,0.0,0.0986301369863,0.550684931507,0.0164383561644,0.315068493151,0.0191780821918,0.000412887010681,2128133,7.2,26.9,10.7,50.2,77.2,9.5,2.0,7.4,0.5,3.4,52.2,30.0,21.3,3.33,78.6,19.0,14.7,53433,18.9,101.5,20056.94,13.3,5.5,33.2,13.0,10.76,53.49,24.5,11.25,2,49.3
0.151098901099,0.755494505495,0.0824175824176,0.010989010989,0.0,100.0,63.0,0.0,0.0686813186813,0.357142857143,0.0,0.557692307692,0.0164835164835,0.647749802098,3299521,6.5,22.1,13.1,49.7,76.1,5.6,1.3,12.1,0.6,4.3,33.4,46.3,23.5,2.86,86.0,35.7,13.4,64309,13.9,735.8,4206.63,12.2,5.7,22.1,9.7,13.15,51.71,23.42,11.72,3,56.0
0.193989071038,0.707650273224,0.0956284153005,0.00273224043716,0.0,100.0,64.0,0.0,0.0327868852459,0.385245901639,0.0,0.5,0.0819672131148,1.30794275941,3299521,6.5,22.1,13.1,49.7,76.1,5.6,1.3,12.1,0.6,4.3,33.4,46.3,23.5,2.86,86.0,35.7,13.4,64309,13.9,735.8,4206.63,12.2,5.7,22.1,9.7,13.15,51.71,23.42,11.72,3,56.0
0.153424657534,0.745205479452,0.0958904109589,0.0027397260274,0.0027397260274,101.0,66.0,0.0219178082192,0.0547945205479,0.405479452055,0.0,0.441095890411,0.0767123287671,0.494717564892,3299521,6.5,22.1,13.1,49.7,76.1,5.6,1.3,12.1,0.6,4.3,33.4,46.3,23.5,2.86,86.0,35.7,13.4,64309,13.9,735.8,4206.63,12.2,5.7,22.1,9.7,13.15,51.71,23.42,11.72,3,56.0
0.243835616438,0.649315068493,0.101369863014,0.00547945205479,0.0,101.0,61.0,0.0,0.0438356164384,0.561643835616,0.0,0.356164383562,0.0383561643836,0.0344322533715,3299521,6.5,22.1,13.1,49.7,76.1,5.6,1.3,12.1,0.6,4.3,33.4,46.3,23.5,2.86,86.0,35.7,13.4,64309,13.9,735.8,4206.63,12.2,5.7,22.1,9.7,13.15,51.71,23.42,11.72,3,56.0
0.249315068493,0.638356164384,0.109589041096,0.0027397260274,0.0,102.0,61.0,0.0,0.0191780821918,0.545205479452,0.0,0.427397260274,0.00821917808219,0.00850591803891,3299521,6.5,22.1,13.1,49.7,76.1,5.6,1.3,12.1,0.6,4.3,33.4,46.3,23.5,2.86,86.0,35.7,13.4,64309,13.9,735.8,4206.63,12.2,5.7,22.1,9.7,13.15,51.71,23.42,11.72,3,56.0
0.690410958904,0.304109589041,0.00547945205479,0.0,0.0,70.0,41.0,0.0,0.21095890411,0.331506849315,0.0,0.457534246575,0.0,0.0,864816,4.6,13.4,14.6,49.0,53.6,5.7,0.8,35.3,0.5,4.2,15.3,41.0,35.1,2.32,87.0,53.8,9.3,81294,12.4,17179.1,46.87,13.6,6.9,11.3,9.0,19.04,44.93,25.37,10.65,2,81.7
0.806094182825,0.18836565097,0.00554016620499,0.0,0.0,60.0,36.0,0.0,0.16620498615,0.390581717452,0.0,0.443213296399,0.0,0.0,864816,4.6,13.4,14.6,49.0,53.6,5.7,0.8,35.3,0.5,4.2,15.3,41.0,35.1,2.32,87.0,53.8,9.3,81294,12.4,17179.1,46.87,13.6,6.9,11.3,9.0,19.04,44.93,25.37,10.65,2,81.7
0.695890410959,0.298630136986,0.00547945205479,0.0,0.0,65.0,38.0,0.0,0.134246575342,0.235616438356,0.0,0.630136986301,0.0,0.0,864816,4.6,13.4,14.6,49.0,53.6,5.7,0.8,35.3,0.5,4.2,15.3,41.0,35.1,2.32,87.0,53.8,9.3,81294,12.4,17179.1,46.87,13.6,6.9,11.3,9.0,19.04,44.93,25.37,10.65,2,81.7
0.846575342466,0.153424657534,0.0,0.0,0.0,54.0,34.0,0.0,0.172602739726,0.369863013699,0.0,0.457534246575,0.0,0.0,864816,4.6,13.4,14.6,49.0,53.6,5.7,0.8,35.3,0.5,4.2,15.3,41.0,35.1,2.32,87.0,53.8,9.3,81294,12.4,17179.1,46.87,13.6,6.9,11.3,9.0,19.04,44.93,25.37,10.65,2,81.7
0.821917808219,0.178082191781,0.0,0.0,0.0,56.0,35.0,0.0,0.169863013699,0.446575342466,0.0,0.383561643836,0.0,0.0,864816,4.6,13.4,14.6,49.0,53.6,5.7,0.8,35.3,0.5,4.2,15.3,41.0,35.1,2.32,87.0,53.8,9.3,81294,12.4,17179.1,46.87,13.6,6.9,11.3,9.0,19.04,44.93,25.37,10.65,2,81.7
0.47397260274,0.408219178082,0.0986301369863,0.0191780821918,0.0,103.0,53.0,0.0,0.0109589041096,0.550684931507,0.0,0.424657534247,0.013698630137,0.0380708607653,726106,7.1,27.5,12.1,50.2,67.8,8.2,2.0,16.1,0.7,5.2,40.8,33.4,23.3,3.16,78.0,18.4,13.2,53274,17.5,492.6,1391.32,13.0,8.9,34.7,15.4,12.61,50.44,27.57,9.39,3,50.9
0.387978142077,0.497267759563,0.103825136612,0.0109289617486,0.0,101.0,55.5,0.0,0.00273224043716,0.513661202186,0.0,0.472677595628,0.0109289617486,0.0326802964092,726106,7.1,27.5,12.1,50.2,67.8,8.2,2.0,16.1,0.7,5.2,40.8,33.4,23.3,3.16,78.0,18.4,13.2,53274,17.5,492.6,1391.32,13.0,8.9,34.7,15.4,12.61,50.44,27.57,9.39,3,50.9
0.334246575342,0.575342465753,0.0657534246575,0.0246575342466,0.0,99.0,57.0,0.0,0.0,0.219178082192,0.0,0.73698630137,0.0438356164384,0.0534564298652,726106,7.1,27.5,12.1,50.2,67.8,8.2,2.0,16.1,0.7,5.2,40.8,33.4,23.3,3.16,78.0,18.4,13.2,53274,17.5,492.6,1391.32,13.0,8.9,34.7,15.4,12.61,50.44,27.57,9.39,3,50.9
0.435616438356,0.471232876712,0.0904109589041,0.0027397260274,0.0,99.0,54.0,0.0,0.00547945205479,0.602739726027,0.0,0.378082191781,0.013698630137,0.009096577351,726106,7.1,27.5,12.1,50.2,67.8,8.2,2.0,16.1,0.7,5.2,40.8,33.4,23.3,3.16,78.0,18.4,13.2,53274,17.5,492.6,1391.32,13.0,8.9,34.7,15.4,12.61,50.44,27.57,9.39,3,50.9
0.378082191781,0.523287671233,0.0876712328767,0.0109589041096,0.0,100.0,56.0,0.0,0.0027397260274,0.449315068493,0.0,0.534246575342,0.013698630137,0.0157224793721,726106,7.1,27.5,12.1,50.2,67.8,8.2,2.0,16.1,0.7,5.2,40.8,33.4,23.3,3.16,78.0,18.4,13.2,53274,17.5,492.6,1391.32,13.0,8.9,34.7,15.4,12.61,50.44,27.57,9.39,3,50.9
0.378082191781,0.569863013699,0.0520547945205,0.0,0.0,93.0,56.0,0.0,0.0,0.520547945205,0.0,0.454794520548,0.0246575342466,0.113259306305,281401,4.9,18.1,18.2,49.2,88.9,2.1,1.4,3.9,0.2,3.5,22.2,69.3,10.5,2.51,89.7,33.0,13.6,60691,14.4,81.7,3298.57,10.6,4.6,12.6,9.0,17.09,24.2,45.87,12.84,2,29.6
0.453551912568,0.445355191257,0.0956284153005,0.00546448087432,0.0,101.0,53.0,0.0,0.0,0.666666666667,0.0,0.262295081967,0.0710382513661,0.0531006618019,281401,4.9,18.1,18.2,49.2,88.9,2.1,1.4,3.9,0.2,3.5,22.2,69.3,10.5,2.51,89.7,33.0,13.6,60691,14.4,81.7,3298.57,10.6,4.6,12.6,9.0,17.09,24.2,45.87,12.84,2,29.6
0.282191780822,0.676712328767,0.041095890411,0.0,0.0,90.0,59.0,0.0,0.0,0.471232876712,0.00821917808219,0.438356164384,0.0821917808219,0.019279187648,281401,4.9,18.1,18.2,49.2,88.9,2.1,1.4,3.9,0.2,3.5,22.2,69.3,10.5,2.51,89.7,33.0,13.6,60691,14.4,81.7,3298.57,10.6,4.6,12.6,9.0,17.09,24.2,45.87,12.84,2,29.6
0.378082191781,0.583561643836,0.0383561643836,0.0,0.0,87.0,55.0,0.0,0.0,0.460273972603,0.0,0.515068493151,0.0246575342466,0.00530532927905,281401,4.9,18.1,18.2,49.2,88.9,2.1,1.4,3.9,0.2,3.5,22.2,69.3,10.5,2.51,89.7,33.0,13.6,60691,14.4,81.7,3298.57,10.6,4.6,12.6,9.0,17.09,24.2,45.87,12.84,2,29.6
0.446575342466,0.539726027397,0.013698630137,0.0,0.0,80.0,53.0,0.0,0.0,0.506849315068,0.0,0.441095890411,0.0520547945205,0.211407897968,281401,4.9,18.1,18.2,49.2,88.9,2.1,1.4,3.9,0.2,3.5,22.2,69.3,10.5,2.51,89.7,33.0,13.6,60691,14.4,81.7,3298.57,10.6,4.6,12.6,9.0,17.09,24.2,45.87,12.84,2,29.6
0.791208791209,0.206043956044,0.00274725274725,0.0,0.0,60.0,38.0,0.0,0.0412087912088,0.412087912088,0.0,0.546703296703,0.0,0.00209072054593,765135,6.0,21.2,15.0,50.8,61.9,2.9,0.8,28.3,1.6,4.5,25.1,39.9,34.6,2.85,88.3,45.6,9.1,93623,8.4,1602.2,448.41,7.1,6.0,16.6,8.6,17.15,33.85,34.64,14.36,2,64.5
0.819672131148,0.180327868852,0.0,0.0,0.0,56.0,36.0,0.0,0.0601092896175,0.374316939891,0.0,0.565573770492,0.0,0.00696906848643,765135,6.0,21.2,15.0,50.8,61.9,2.9,0.8,28.3,1.6,4.5,25.1,39.9,34.6,2.85,88.3,45.6,9.1,93623,8.4,1602.2,448.41,7.1,6.0,16.6,8.6,17.15,33.85,34.64,14.36,2,64.5
0.709589041096,0.279452054795,0.0109589041096,0.0,0.0,67.0,38.0,0.0,0.0547945205479,0.304109589041,0.0,0.641095890411,0.0,0.00452989451618,765135,6.0,21.2,15.0,50.8,61.9,2.9,0.8,28.3,1.6,4.5,25.1,39.9,34.6,2.85,88.3,45.6,9.1,93623,8.4,1602.2,448.41,7.1,6.0,16.6,8.6,17.15,33.85,34.64,14.36,2,64.5
0.873626373626,0.126373626374,0.0,0.0,0.0,53.0,34.0,0.0,0.0796703296703,0.497252747253,0.0,0.423076923077,0.0,0.00313608081889,765135,6.0,21.2,15.0,50.8,61.9,2.9,0.8,28.3,1.6,4.5,25.1,39.9,34.6,2.85,88.3,45.6,9.1,93623,8.4,1602.2,448.41,7.1,6.0,16.6,8.6,17.15,33.85,34.64,14.36,2,64.5
0.895604395604,0.101648351648,0.00274725274725,0.0,0.0,51.0,32.0,0.0,0.0961538461538,0.634615384615,0.0,0.269230769231,0.0,0.0128927766999,765135,6.0,21.2,15.0,50.8,61.9,2.9,0.8,28.3,1.6,4.5,25.1,39.9,34.6,2.85,88.3,45.6,9.1,93623,8.4,1602.2,448.41,7.1,6.0,16.6,8.6,17.15,33.85,34.64,14.36,2,64.5
0.564383561644,0.427397260274,0.00547945205479,0.0027397260274,0.0,63.0,49.0,0.0,0.00547945205479,0.47397260274,0.0027397260274,0.509589041096,0.00821917808219,0.0,444769,6.5,22.4,14.3,49.9,85.8,2.4,2.2,5.8,0.2,3.6,44.8,45.4,23.0,2.92,79.6,32.2,15.5,63985,15.6,155.0,2735.09,12.8,5.3,20.5,8.4,11.25,54.16,20.6,13.99,1,43.7
0.614754098361,0.377049180328,0.00819672131148,0.0,0.0,67.0,47.0,0.0,0.0,0.724043715847,0.0109289617486,0.265027322404,0.0,0.0,444769,6.5,22.4,14.3,49.9,85.8,2.4,2.2,5.8,0.2,3.6,44.8,45.4,23.0,2.92,79.6,32.2,15.5,63985,15.6,155.0,2735.09,12.8,5.3,20.5,8.4,11.25,54.16,20.6,13.99,1,43.7
0.649315068493,0.339726027397,0.0109589041096,0.0,0.0,64.0,46.0,0.0,0.0027397260274,0.676712328767,0.0109589041096,0.298630136986,0.0109589041096,0.0,444769,6.5,22.4,14.3,49.9,85.8,2.4,2.2,5.8,0.2,3.6,44.8,45.4,23.0,2.92,79.6,32.2,15.5,63985,15.6,155.0,2735.09,12.8,5.3,20.5,8.4,11.25,54.16,20.6,13.99,1,43.7
0.61095890411,0.369863013699,0.013698630137,0.00547945205479,0.0,64.0,47.0,0.0,0.0027397260274,0.657534246575,0.0027397260274,0.315068493151,0.0219178082192,0.0,444769,6.5,22.4,14.3,49.9,85.8,2.4,2.2,5.8,0.2,3.6,44.8,45.4,23.0,2.92,79.6,32.2,15.5,63985,15.6,155.0,2735.09,12.8,5.3,20.5,8.4,11.25,54.16,20.6,13.99,1,43.7
0.682191780822,0.315068493151,0.0027397260274,0.0,0.0,67.0,45.0,0.0,0.00821917808219,0.66301369863,0.0,0.317808219178,0.0109589041096,0.0,444769,6.5,22.4,14.3,49.9,85.8,2.4,2.2,5.8,0.2,3.6,44.8,45.4,23.0,2.92,79.6,32.2,15.5,63985,15.6,155.0,2735.09,12.8,5.3,20.5,8.4,11.25,54.16,20.6,13.99,1,43.7
0.512328767123,0.471232876712,0.0164383561644,0.0,0.0,72.0,50.0,0.0,0.00821917808219,0.232876712329,0.0,0.758904109589,0.0,0.0136859545772,1918044,6.3,22.8,12.5,49.7,55.7,2.9,1.3,35.6,0.5,4.1,26.3,32.8,37.7,2.95,87.0,47.9,8.4,96310,8.3,1381.0,1290.1,8.2,2.7,20.5,11.0,15.1,32.31,29.88,22.71,2,70.9
0.677595628415,0.306010928962,0.016393442623,0.0,0.0,67.0,44.5,0.0,0.0191256830601,0.439890710383,0.0,0.540983606557,0.0,0.00314898069917,1918044,6.3,22.8,12.5,49.7,55.7,2.9,1.3,35.6,0.5,4.1,26.3,32.8,37.7,2.95,87.0,47.9,8.4,96310,8.3,1381.0,1290.1,8.2,2.7,20.5,11.0,15.1,32.31,29.88,22.71,2,70.9
0.564383561644,0.413698630137,0.0191780821918,0.0027397260274,0.0,80.0,48.0,0.0,0.00547945205479,0.413698630137,0.0,0.580821917808,0.0,0.0179249670568,1918044,6.3,22.8,12.5,49.7,55.7,2.9,1.3,35.6,0.5,4.1,26.3,32.8,37.7,2.95,87.0,47.9,8.4,96310,8.3,1381.0,1290.1,8.2,2.7,20.5,11.0,15.1,32.31,29.88,22.71,2,70.9
0.734246575342,0.243835616438,0.0191780821918,0.0027397260274,0.0,70.0,41.0,0.0,0.0547945205479,0.547945205479,0.0,0.394520547945,0.0027397260274,0.0325798387722,1918044,6.3,22.8,12.5,49.7,55.7,2.9,1.3,35.6,0.5,4.1,26.3,32.8,37.7,2.95,87.0,47.9,8.4,96310,8.3,1381.0,1290.1,8.2,2.7,20.5,11.0,15.1,32.31,29.88,22.71,2,70.9
0.676712328767,0.304109589041,0.0191780821918,0.0,0.0,67.0,43.0,0.0,0.041095890411,0.501369863014,0.0,0.457534246575,0.0,0.0221639795365,1918044,6.3,22.8,12.5,49.7,55.7,2.9,1.3,35.6,0.5,4.1,26.3,32.8,37.7,2.95,87.0,47.9,8.4,96310,8.3,1381.0,1290.1,8.2,2.7,20.5,11.0,15.1,32.31,29.88,22.71,2,70.9
0.931506849315,0.0684931506849,0.0,0.0,0.0,47.0,36.0,0.0,0.0,0.646575342466,0.0,0.353424657534,0.0,0.00701979019251,274146,5.4,19.8,14.2,50.4,87.4,1.4,1.8,5.0,0.2,4.1,33.3,57.8,18.4,2.72,85.6,38.2,12.9,67256,15.4,589.4,445.17,14.7,3.8,27.1,11.2,13.39,56.59,17.17,12.85,2,49.8
0.978082191781,0.0191780821918,0.0027397260274,0.0,0.0,44.0,34.0,0.0,0.0,0.780821917808,0.0,0.219178082192,0.0,0.0428207201743,274146,5.4,19.8,14.2,50.4,87.4,1.4,1.8,5.0,0.2,4.1,33.3,57.8,18.4,2.72,85.6,38.2,12.9,67256,15.4,589.4,445.17,14.7,3.8,27.1,11.2,13.39,56.59,17.17,12.85,2,49.8
0.767123287671,0.172602739726,0.0602739726027,0.0,0.0,83.0,38.0,0.0,0.0,0.649315068493,0.0,0.350684931507,0.0,0.0157945279331,274146,5.4,19.8,14.2,50.4,87.4,1.4,1.8,5.0,0.2,4.1,33.3,57.8,18.4,2.72,85.6,38.2,12.9,67256,15.4,589.4,445.17,14.7,3.8,27.1,11.2,13.39,56.59,17.17,12.85,2,49.8
0.824657534247,0.142465753425,0.0328767123288,0.0,0.0,66.0,35.0,0.0,0.0,0.649315068493,0.0,0.350684931507,0.0,0.00526484264438,274146,5.4,19.8,14.2,50.4,87.4,1.4,1.8,5.0,0.2,4.1,33.3,57.8,18.4,2.72,85.6,38.2,12.9,67256,15.4,589.4,445.17,14.7,3.8,27.1,11.2,13.39,56.59,17.17,12.85,2,49.8
0.876712328767,0.123287671233,0.0,0.0,0.0,54.0,35.0,0.0,0.0,0.67397260274,0.0,0.32602739726,0.0,0.00350989509626,274146,5.4,19.8,14.2,50.4,87.4,1.4,1.8,5.0,0.2,4.1,33.3,57.8,18.4,2.72,85.6,38.2,12.9,67256,15.4,589.4,445.17,14.7,3.8,27.1,11.2,13.39,56.59,17.17,12.85,2,49.8
0.728767123288,0.254794520548,0.013698630137,0.0027397260274,0.0,71.0,44.0,0.0,0.0,0.967123287671,0.0,0.0301369863014,0.0027397260274,0.0143610610796,179533,5.9,21.5,19.8,51.0,88.3,1.1,3.1,3.0,0.2,4.3,9.6,80.5,4.9,2.54,89.3,19.6,13.5,44620,19.0,46.9,3775.4,24.5,6.5,25.7,14.8,18.4,56.19,14.75,10.66,3,26.3
0.715846994536,0.267759562842,0.0136612021858,0.00273224043716,0.0,77.0,44.0,0.0,0.0,0.972677595628,0.0,0.0273224043716,0.0,0.0883184563225,179533,5.9,21.5,19.8,51.0,88.3,1.1,3.1,3.0,0.2,4.3,9.6,80.5,4.9,2.54,89.3,19.6,13.5,44620,19.0,46.9,3775.4,24.5,6.5,25.7,14.8,18.4,56.19,14.75,10.66,3,26.3
0.813698630137,0.180821917808,0.00547945205479,0.0,0.0,64.0,42.0,0.0,0.0,0.958904109589,0.0,0.0356164383562,0.00547945205479,0.359895640197,179533,5.9,21.5,19.8,51.0,88.3,1.1,3.1,3.0,0.2,4.3,9.6,80.5,4.9,2.54,89.3,19.6,13.5,44620,19.0,46.9,3775.4,24.5,6.5,25.7,14.8,18.4,56.19,14.75,10.66,3,26.3
0.758904109589,0.224657534247,0.0164383561644,0.0,0.0,71.0,43.0,0.0,0.0,0.969863013699,0.0,0.0246575342466,0.00547945205479,0.534628781056,179533,5.9,21.5,19.8,51.0,88.3,1.1,3.1,3.0,0.2,4.3,9.6,80.5,4.9,2.54,89.3,19.6,13.5,44620,19.0,46.9,3775.4,24.5,6.5,25.7,14.8,18.4,56.19,14.75,10.66,3,26.3
0.728767123288,0.246575342466,0.0219178082192,0.0027397260274,0.0,77.0,44.0,0.0,0.0,0.969863013699,0.0,0.0301369863014,0.0,0.0317847115537,179533,5.9,21.5,19.8,51.0,88.3,1.1,3.1,3.0,0.2,4.3,9.6,80.5,4.9,2.54,89.3,19.6,13.5,44620,19.0,46.9,3775.4,24.5,6.5,25.7,14.8,18.4,56.19,14.75,10.66,3,26.3
0.955056179775,0.0449438202247,0.0,0.0,0.0,47.0,37.0,0.0,0.0,0.949438202247,0.0,0.0449438202247,0.00561797752809,0.00258844930383,43554,5.2,20.2,23.5,50.5,87.0,1.5,4.7,1.4,0.3,5.1,12.3,77.0,4.9,2.26,88.4,22.7,14.6,37170,22.6,7.2,6277.89,15.2,11.5,31.4,14.8,26.42,42.49,18.13,12.95,3,10.6
0.908839779006,0.0828729281768,0.00276243093923,0.00552486187845,0.0,50.0,37.0,0.0,0.0,0.953038674033,0.0,0.0414364640884,0.00552486187845,0.0147342498833,43554,5.2,20.2,23.5,50.5,87.0,1.5,4.7,1.4,0.3,5.1,12.3,77.0,4.9,2.26,88.4,22.7,14.6,37170,22.6,7.2,6277.89,15.2,11.5,31.4,14.8,26.42,42.49,18.13,12.95,3,10.6
0.903047091413,0.0858725761773,0.01108033241,0.0,0.0,50.0,37.0,0.0,0.0,0.936288088643,0.0,0.0609418282548,0.00277008310249,0.00336000630785,43554,5.2,20.2,23.5,50.5,87.0,1.5,4.7,1.4,0.3,5.1,12.3,77.0,4.9,2.26,88.4,22.7,14.6,37170,22.6,7.2,6277.89,15.2,11.5,31.4,14.8,26.42,42.49,18.13,12.95,3,10.6
0.914600550964,0.0798898071625,0.0,0.00550964187328,0.0,50.0,37.0,0.0,0.0,0.955922865014,0.0,0.0385674931129,0.00550964187328,0.00726756919921,43554,5.2,20.2,23.5,50.5,87.0,1.5,4.7,1.4,0.3,5.1,12.3,77.0,4.9,2.26,88.4,22.7,14.6,37170,22.6,7.2,6277.89,15.2,11.5,31.4,14.8,26.42,42.49,18.13,12.95,3,10.6
0.922651933702,0.0662983425414,0.0110497237569,0.0,0.0,48.0,36.0,0.0,0.0,0.939226519337,0.0,0.0552486187845,0.00552486187845,0.0128426907767,43554,5.2,20.2,23.5,50.5,87.0,1.5,4.7,1.4,0.3,5.1,12.3,77.0,4.9,2.26,88.4,22.7,14.6,37170,22.6,7.2,6277.89,15.2,11.5,31.4,14.8,26.42,42.49,18.13,12.95,3,10.6
0.665753424658,0.309589041096,0.0246575342466,0.0,0.0,74.0,43.0,0.0,0.013698630137,0.561643835616,0.0,0.424657534247,0.0,0.142413631551,436092,6.1,22.8,14.1,50.3,60.4,14.8,1.3,15.7,1.0,6.9,26.0,39.1,20.1,2.89,87.5,24.9,10.3,66828,12.0,503.0,821.77,19.6,5.3,35.8,10.9,16.04,47.1,26.49,10.36,3,38.8
0.72131147541,0.265027322404,0.0136612021858,0.0,0.0,65.0,41.0,0.0,0.016393442623,0.622950819672,0.0,0.360655737705,0.0,0.0446825145722,436092,6.1,22.8,14.1,50.3,60.4,14.8,1.3,15.7,1.0,6.9,26.0,39.1,20.1,2.89,87.5,24.9,10.3,66828,12.0,503.0,821.77,19.6,5.3,35.8,10.9,16.04,47.1,26.49,10.36,3,38.8
0.630136986301,0.339726027397,0.0301369863014,0.0,0.0,73.0,44.0,0.0,0.00821917808219,0.471232876712,0.0,0.520547945205,0.0,0.0315629677404,436092,6.1,22.8,14.1,50.3,60.4,14.8,1.3,15.7,1.0,6.9,26.0,39.1,20.1,2.89,87.5,24.9,10.3,66828,12.0,503.0,821.77,19.6,5.3,35.8,10.9,16.04,47.1,26.49,10.36,3,38.8
0.695890410959,0.295890410959,0.00821917808219,0.0,0.0,67.0,43.0,0.0,0.0027397260274,0.441095890411,0.0,0.556164383562,0.0,0.0178730058289,436092,6.1,22.8,14.1,50.3,60.4,14.8,1.3,15.7,1.0,6.9,26.0,39.1,20.1,2.89,87.5,24.9,10.3,66828,12.0,503.0,821.77,19.6,5.3,35.8,10.9,16.04,47.1,26.49,10.36,3,38.8
0.67397260274,0.315068493151,0.0109589041096,0.0,0.0,74.0,44.0,0.0,0.0164383561644,0.534246575342,0.0,0.446575342466,0.0027397260274,0.0363164267374,436092,6.1,22.8,14.1,50.3,60.4,14.8,1.3,15.7,1.0,6.9,26.0,39.1,20.1,2.89,87.5,24.9,10.3,66828,12.0,503.0,821.77,19.6,5.3,35.8,10.9,16.04,47.1,26.49,10.36,3,38.8
0.805479452055,0.194520547945,0.0,0.0,0.0,60.0,35.0,0.0,0.013698630137,0.47397260274,0.0,0.509589041096,0.0027397260274,0.00684154583241,502146,5.2,20.3,17.5,51.1,87.3,2.0,2.2,4.4,0.4,3.8,26.3,64.3,16.6,2.59,87.1,32.9,12.8,64240,11.0,307.1,1575.85,12.7,4.9,21.5,9.7,20.41,42.08,26.25,11.26,3,39.5
0.83606557377,0.16393442623,0.0,0.0,0.0,56.0,37.0,0.0,0.016393442623,0.551912568306,0.0,0.431693989071,0.0,0.0121957990926,502146,5.2,20.3,17.5,51.1,87.3,2.0,2.2,4.4,0.4,3.8,26.3,64.3,16.6,2.59,87.1,32.9,12.8,64240,11.0,307.1,1575.85,12.7,4.9,21.5,9.7,20.41,42.08,26.25,11.26,3,39.5
0.797260273973,0.202739726027,0.0,0.0,0.0,61.0,36.0,0.0,0.0027397260274,0.583561643836,0.0,0.408219178082,0.00547945205479,0.415351239014,502146,5.2,20.3,17.5,51.1,87.3,2.0,2.2,4.4,0.4,3.8,26.3,64.3,16.6,2.59,87.1,32.9,12.8,64240,11.0,307.1,1575.85,12.7,4.9,21.5,9.7,20.41,42.08,26.25,11.26,3,39.5
0.860273972603,0.139726027397,0.0,0.0,0.0,54.0,37.0,0.0,0.0,0.602739726027,0.0,0.391780821918,0.00547945205479,0.00813053272837,502146,5.2,20.3,17.5,51.1,87.3,2.0,2.2,4.4,0.4,3.8,26.3,64.3,16.6,2.59,87.1,32.9,12.8,64240,11.0,307.1,1575.85,12.7,4.9,21.5,9.7,20.41,42.08,26.25,11.26,3,39.5
0.879452054795,0.120547945205,0.0,0.0,0.0,53.0,35.0,0.0,0.0,0.709589041096,0.0,0.279452054795,0.0109589041096,0.0127907161215,502146,5.2,20.3,17.5,51.1,87.3,2.0,2.2,4.4,0.4,3.8,26.3,64.3,16.6,2.59,87.1,32.9,12.8,64240,11.0,307.1,1575.85,12.7,4.9,21.5,9.7,20.41,42.08,26.25,11.26,3,39.5
0.339726027397,0.465753424658,0.156164383562,0.0383561643836,0.0,122.0,64.0,0.0,0.0,0.523287671233,0.0,0.476712328767,0.0,0.231004528943,538388,7.2,27.1,12.5,50.5,83.9,3.3,1.9,6.0,0.9,3.9,44.8,43.5,20.6,3.08,77.2,16.5,12.8,50125,19.5,344.2,1494.83,15.9,6.7,30.1,16.0,12.21,42.46,38.35,6.98,3,45.0
0.33606557377,0.448087431694,0.18306010929,0.0300546448087,0.00273224043716,125.0,62.0,0.0,0.0,0.543715846995,0.0,0.453551912568,0.00273224043716,0.00930289731943,538388,7.2,27.1,12.5,50.5,83.9,3.3,1.9,6.0,0.9,3.9,44.8,43.5,20.6,3.08,77.2,16.5,12.8,50125,19.5,344.2,1494.83,15.9,6.7,30.1,16.0,12.21,42.46,38.35,6.98,3,45.0
0.38904109589,0.432876712329,0.147945205479,0.0301369863014,0.0,118.0,61.0,0.0,0.0027397260274,0.591780821918,0.0,0.402739726027,0.0027397260274,0.0284313266391,538388,7.2,27.1,12.5,50.5,83.9,3.3,1.9,6.0,0.9,3.9,44.8,43.5,20.6,3.08,77.2,16.5,12.8,50125,19.5,344.2,1494.83,15.9,6.7,30.1,16.0,12.21,42.46,38.35,6.98,3,45.0
0.38904109589,0.449315068493,0.145205479452,0.0164383561644,0.0,114.0,58.0,0.0,0.0,0.671232876712,0.0,0.320547945205,0.00821917808219,0.0435877323843,538388,7.2,27.1,12.5,50.5,83.9,3.3,1.9,6.0,0.9,3.9,44.8,43.5,20.6,3.08,77.2,16.5,12.8,50125,19.5,344.2,1494.83,15.9,6.7,30.1,16.0,12.21,42.46,38.35,6.98,3,45.0
0.347945205479,0.520547945205,0.117808219178,0.013698630137,0.0,112.0,59.0,0.0,0.0,0.542465753425,0.0,0.435616438356,0.0219178082192,0.0188148485112,538388,7.2,27.1,12.5,50.5,83.9,3.3,1.9,6.0,0.9,3.9,44.8,43.5,20.6,3.08,77.2,16.5,12.8,50125,19.5,344.2,1494.83,15.9,6.7,30.1,16.0,12.21,42.46,38.35,6.98,3,45.0
0.419178082192,0.523287671233,0.0547945205479,0.0027397260274,0.0,88.0,54.0,0.0,0.013698630137,0.38904109589,0.0,0.597260273973,0.0,0.0925968194419,96463,6.6,26.1,14.9,50.4,73.7,2.5,2.3,16.7,0.4,4.3,30.3,47.2,22.5,2.95,78.5,17.6,14.6,52017,17.5,157.3,602.41,12.1,5.3,30.1,17.0,15.32,58.33,12.63,13.71,3,34.8
0.554644808743,0.398907103825,0.0464480874317,0.0,0.0,84.0,48.0,0.0,0.0245901639344,0.625683060109,0.0,0.346994535519,0.00273224043716,0.0,96463,6.6,26.1,14.9,50.4,73.7,2.5,2.3,16.7,0.4,4.3,30.3,47.2,22.5,2.95,78.5,17.6,14.6,52017,17.5,157.3,602.41,12.1,5.3,30.1,17.0,15.32,58.33,12.63,13.71,3,34.8
0.561643835616,0.413698630137,0.0246575342466,0.0,0.0,84.0,48.0,0.0,0.0109589041096,0.635616438356,0.0,0.350684931507,0.0027397260274,0.000259374844375,96463,6.6,26.1,14.9,50.4,73.7,2.5,2.3,16.7,0.4,4.3,30.3,47.2,22.5,2.95,78.5,17.6,14.6,52017,17.5,157.3,602.41,12.1,5.3,30.1,17.0,15.32,58.33,12.63,13.71,3,34.8
0.498630136986,0.465753424658,0.0328767123288,0.0027397260274,0.0,82.0,51.0,0.0,0.013698630137,0.531506849315,0.0,0.452054794521,0.0027397260274,0.0,96463,6.6,26.1,14.9,50.4,73.7,2.5,2.3,16.7,0.4,4.3,30.3,47.2,22.5,2.95,78.5,17.6,14.6,52017,17.5,157.3,602.41,12.1,5.3,30.1,17.0,15.32,58.33,12.63,13.71,3,34.8
0.531506849315,0.446575342466,0.0219178082192,0.0,0.0,84.0,49.0,0.0027397260274,0.00547945205479,0.616438356164,0.0,0.372602739726,0.0027397260274,0.0,96463,6.6,26.1,14.9,50.4,73.7,2.5,2.3,16.7,0.4,4.3,30.3,47.2,22.5,2.95,78.5,17.6,14.6,52017,17.5,157.3,602.41,12.1,5.3,30.1,17.0,15.32,58.33,12.63,13.71,3,34.8
0.534246575342,0.424657534247,0.041095890411,0.0,0.0,84.0,48.0,0.0,0.0,0.58904109589,0.0,0.408219178082,0.0027397260274,0.0172156754393,63308,6.0,23.9,18.1,50.2,90.6,1.0,3.4,1.5,0.2,3.4,24.4,68.9,8.4,2.63,82.3,14.4,13.3,41001,22.5,21.5,2949.71,15.1,3.9,38.2,14.1,20.25,52.15,14.11,13.5,3,14.2
0.571038251366,0.377049180328,0.051912568306,0.0,0.0,93.0,47.0,0.0,0.0,0.762295081967,0.0,0.237704918033,0.0,1.6042360944,63308,6.0,23.9,18.1,50.2,90.6,1.0,3.4,1.5,0.2,3.4,24.4,68.9,8.4,2.63,82.3,14.4,13.3,41001,22.5,21.5,2949.71,15.1,3.9,38.2,14.1,20.25,52.15,14.11,13.5,3,14.2
0.695890410959,0.27397260274,0.0301369863014,0.0,0.0,74.0,43.0,0.0,0.0,0.813698630137,0.0,0.183561643836,0.0027397260274,1.00984503561,63308,6.0,23.9,18.1,50.2,90.6,1.0,3.4,1.5,0.2,3.4,24.4,68.9,8.4,2.63,82.3,14.4,13.3,41001,22.5,21.5,2949.71,15.1,3.9,38.2,14.1,20.25,52.15,14.11,13.5,3,14.2
0.645604395604,0.31043956044,0.0412087912088,0.00274725274725,0.0,80.0,44.0,0.0,0.0,0.903846153846,0.0,0.0934065934066,0.00274725274725,0.0181691590021,63308,6.0,23.9,18.1,50.2,90.6,1.0,3.4,1.5,0.2,3.4,24.4,68.9,8.4,2.63,82.3,14.4,13.3,41001,22.5,21.5,2949.71,15.1,3.9,38.2,14.1,20.25,52.15,14.11,13.5,3,14.2
0.632876712329,0.315068493151,0.0493150684932,0.0027397260274,0.0,87.0,45.0,0.0,0.0,0.852054794521,0.0,0.142465753425,0.00547945205479,0.0285515355747,63308,6.0,23.9,18.1,50.2,90.6,1.0,3.4,1.5,0.2,3.4,24.4,68.9,8.4,2.63,82.3,14.4,13.3,41001,22.5,21.5,2949.71,15.1,3.9,38.2,14.1,20.25,52.15,14.11,13.5,3,14.2
0.633333333333,0.209523809524,0.147619047619,0.00952380952381,0.0,113.0,26.0,0.0,0.0,0.0,0.0,0.890476190476,0.109523809524,0.00344027679484,13069,4.7,16.9,24.6,48.7,88.0,0.6,4.9,1.0,0.2,5.2,7.4,82.6,5.5,2.38,90.8,20.0,12.7,34974,19.7,4.3,3179.25,15.2,11.5,31.4,17.3,57.14,14.29,28.57,0.0,3,0.0
0.518950437318,0.379008746356,0.0816326530612,0.0174927113703,0.00291545189504,101.0,45.0,0.0,0.0,0.0,0.0,0.997084548105,0.00291545189504,0.000982936227098,13069,4.7,16.9,24.6,48.7,88.0,0.6,4.9,1.0,0.2,5.2,7.4,82.6,5.5,2.38,90.8,20.0,12.7,34974,19.7,4.3,3179.25,15.2,11.5,31.4,17.3,57.14,14.29,28.57,0.0,3,0.0
0.688073394495,0.238532110092,0.0733944954128,0.0,0.0,97.0,27.0,0.0,0.0,0.0,0.0,0.922018348624,0.0779816513761,0.00113037666116,13069,4.7,16.9,24.6,48.7,88.0,0.6,4.9,1.0,0.2,5.2,7.4,82.6,5.5,2.38,90.8,20.0,12.7,34974,19.7,4.3,3179.25,15.2,11.5,31.4,17.3,57.14,14.29,28.57,0.0,3,0.0
0.9375,0.0625,0.0,0.0,0.0,33.0,9.0,0.0,0.0,0.0,0.0,1.0,0.0,0.0229024140914,13069,4.7,16.9,24.6,48.7,88.0,0.6,4.9,1.0,0.2,5.2,7.4,82.6,5.5,2.38,90.8,20.0,12.7,34974,19.7,4.3,3179.25,15.2,11.5,31.4,17.3,57.14,14.29,28.57,0.0,3,0.0
1.0,0.0,0.0,0.0,0.0,22.0,9.0,0.0,0.0,0.0,0.0,1.0,0.0,0.169015884249,13069,4.7,16.9,24.6,48.7,88.0,0.6,4.9,1.0,0.2,5.2,7.4,82.6,5.5,2.38,90.8,20.0,12.7,34974,19.7,4.3,3179.25,15.2,11.5,31.4,17.3,57.14,14.29,28.57,0.0,3,0.0
0.186301369863,0.408219178082,0.254794520548,0.150684931507,0.0,159.0,84.0,0.0,0.0027397260274,0.567123287671,0.0,0.430136986301,0.0,0.111870416357,459863,8.6,31.3,10.7,49.9,88.3,2.2,2.8,4.0,0.2,2.5,63.6,29.6,22.5,3.36,68.4,13.8,16.7,42031,27.2,91.7,4824.22,15.5,4.3,38.0,15.3,10.19,49.16,35.73,4.92,2,28.1
0.248633879781,0.374316939891,0.267759562842,0.109289617486,0.0,151.0,80.0,0.0,0.0,0.650273224044,0.0,0.346994535519,0.00273224043716,0.0060566785926,459863,8.6,31.3,10.7,49.9,88.3,2.2,2.8,4.0,0.2,2.5,63.6,29.6,22.5,3.36,68.4,13.8,16.7,42031,27.2,91.7,4824.22,15.5,4.3,38.0,15.3,10.19,49.16,35.73,4.92,2,28.1
0.167123287671,0.454794520548,0.304109589041,0.0712328767123,0.0027397260274,143.0,84.0,0.0,0.0,0.594520547945,0.0,0.405479452055,0.0,0.0171335987994,459863,8.6,31.3,10.7,49.9,88.3,2.2,2.8,4.0,0.2,2.5,63.6,29.6,22.5,3.36,68.4,13.8,16.7,42031,27.2,91.7,4824.22,15.5,4.3,38.0,15.3,10.19,49.16,35.73,4.92,2,28.1
0.191780821918,0.468493150685,0.265753424658,0.0739726027397,0.0,145.0,84.0,0.0,0.0,0.597260273973,0.0,0.4,0.0027397260274,0.0103967584397,459863,8.6,31.3,10.7,49.9,88.3,2.2,2.8,4.0,0.2,2.5,63.6,29.6,22.5,3.36,68.4,13.8,16.7,42031,27.2,91.7,4824.22,15.5,4.3,38.0,15.3,10.19,49.16,35.73,4.92,2,28.1
0.13698630137,0.594520547945,0.213698630137,0.0547945205479,0.0,143.0,78.0,0.0,0.0,0.558904109589,0.0,0.430136986301,0.0109589041096,0.0239676051258,459863,8.6,31.3,10.7,49.9,88.3,2.2,2.8,4.0,0.2,2.5,63.6,29.6,22.5,3.36,68.4,13.8,16.7,42031,27.2,91.7,4824.22,15.5,4.3,38.0,15.3,10.19,49.16,35.73,4.92,2,28.1
0.729577464789,0.23661971831,0.0338028169014,0.0,0.0,84.0,41.0,0.0,0.0,1.0,0.0,0.0,0.0,0.0235689231296,53709,4.3,16.7,24.2,48.0,90.7,2.0,2.3,1.3,0.2,3.5,11.8,80.8,4.5,2.28,90.3,20.4,11.5,50306,14.5,24.9,2220.88,16.9,8.0,18.7,12.6,24.38,49.17,21.9,4.55,2,11.8
0.675824175824,0.288461538462,0.0357142857143,0.0,0.0,87.0,42.0,0.0,0.0,1.0,0.0,0.0,0.0,0.0825967634451,53709,4.3,16.7,24.2,48.0,90.7,2.0,2.3,1.3,0.2,3.5,11.8,80.8,4.5,2.28,90.3,20.4,11.5,50306,14.5,24.9,2220.88,16.9,8.0,18.7,12.6,24.38,49.17,21.9,4.55,2,11.8
0.78021978022,0.214285714286,0.00549450549451,0.0,0.0,64.0,42.5,0.0,0.0,1.0,0.0,0.0,0.0,0.0142820638666,53709,4.3,16.7,24.2,48.0,90.7,2.0,2.3,1.3,0.2,3.5,11.8,80.8,4.5,2.28,90.3,20.4,11.5,50306,14.5,24.9,2220.88,16.9,8.0,18.7,12.6,24.38,49.17,21.9,4.55,2,11.8
0.640718562874,0.311377245509,0.0479041916168,0.0,0.0,87.0,46.0,0.0,0.0,1.0,0.0,0.0,0.0,0.0510073709521,53709,4.3,16.7,24.2,48.0,90.7,2.0,2.3,1.3,0.2,3.5,11.8,80.8,4.5,2.28,90.3,20.4,11.5,50306,14.5,24.9,2220.88,16.9,8.0,18.7,12.6,24.38,49.17,21.9,4.55,2,11.8
0.725274725275,0.244505494505,0.0302197802198,0.0,0.0,77.0,43.0,0.0,0.0,1.0,0.0,0.0,0.0,0.0399616368286,53709,4.3,16.7,24.2,48.0,90.7,2.0,2.3,1.3,0.2,3.5,11.8,80.8,4.5,2.28,90.3,20.4,11.5,50306,14.5,24.9,2220.88,16.9,8.0,18.7,12.6,24.38,49.17,21.9,4.55,2,11.8
0.608219178082,0.347945205479,0.0383561643836,0.00547945205479,0.0,84.0,47.0,0.0,0.0164383561644,0.906849315068,0.0,0.0767123287671,0.0,0.0,850536,6.3,23.8,14.1,50.5,84.6,2.3,1.9,7.6,0.3,3.3,42.3,46.1,22.8,3.08,83.1,31.7,13.1,77348,9.9,446.7,1843.13,11.2,4.0,22.7,10.0,14.62,43.44,26.9,15.04,1,55.0
0.426229508197,0.486338797814,0.0846994535519,0.00273224043716,0.0,97.0,54.0,0.0,0.0,0.655737704918,0.0,0.341530054645,0.00273224043716,0.0,850536,6.3,23.8,14.1,50.5,84.6,2.3,1.9,7.6,0.3,3.3,42.3,46.1,22.8,3.08,83.1,31.7,13.1,77348,9.9,446.7,1843.13,11.2,4.0,22.7,10.0,14.62,43.44,26.9,15.04,1,55.0
0.498630136986,0.471232876712,0.027397260274,0.0027397260274,0.0,77.0,51.0,0.0,0.0109589041096,0.619178082192,0.0,0.353424657534,0.0164383561644,0.0,850536,6.3,23.8,14.1,50.5,84.6,2.3,1.9,7.6,0.3,3.3,42.3,46.1,22.8,3.08,83.1,31.7,13.1,77348,9.9,446.7,1843.13,11.2,4.0,22.7,10.0,14.62,43.44,26.9,15.04,1,55.0
0.430136986301,0.528767123288,0.041095890411,0.0,0.0,87.0,53.0,0.0,0.0027397260274,0.632876712329,0.0,0.353424657534,0.0109589041096,0.0,850536,6.3,23.8,14.1,50.5,84.6,2.3,1.9,7.6,0.3,3.3,42.3,46.1,22.8,3.08,83.1,31.7,13.1,77348,9.9,446.7,1843.13,11.2,4.0,22.7,10.0,14.62,43.44,26.9,15.04,1,55.0
0.501369863014,0.46301369863,0.0356164383562,0.0,0.0,84.0,50.0,0.0,0.0109589041096,0.608219178082,0.0,0.369863013699,0.0109589041096,0.0,850536,6.3,23.8,14.1,50.5,84.6,2.3,1.9,7.6,0.3,3.3,42.3,46.1,22.8,3.08,83.1,31.7,13.1,77348,9.9,446.7,1843.13,11.2,4.0,22.7,10.0,14.62,43.44,26.9,15.04,1,55.0
0.512328767123,0.46301369863,0.0246575342466,0.0,0.0,76.0,50.0,0.0,0.0109589041096,0.432876712329,0.0,0.553424657534,0.0027397260274,0.0318754989209,213016,5.8,21.5,11.7,51.4,75.3,3.0,1.7,14.3,0.6,5.1,31.5,47.6,22.1,2.77,85.5,39.0,11.3,54989,17.5,197.9,1014.69,8.4,4.0,17.8,11.2,16.61,46.86,27.55,8.98,3,43.9
0.680327868852,0.29781420765,0.0218579234973,0.0,0.0,74.0,44.0,0.0,0.0,0.688524590164,0.0,0.311475409836,0.0,3.10778415082,213016,5.8,21.5,11.7,51.4,75.3,3.0,1.7,14.3,0.6,5.1,31.5,47.6,22.1,2.77,85.5,39.0,11.3,54989,17.5,197.9,1014.69,8.4,4.0,17.8,11.2,16.61,46.86,27.55,8.98,3,43.9
0.772602739726,0.227397260274,0.0,0.0,0.0,61.0,41.0,0.0,0.00821917808219,0.753424657534,0.0,0.230136986301,0.00821917808219,0.029103716406,213016,5.8,21.5,11.7,51.4,75.3,3.0,1.7,14.3,0.6,5.1,31.5,47.6,22.1,2.77,85.5,39.0,11.3,54989,17.5,197.9,1014.69,8.4,4.0,17.8,11.2,16.61,46.86,27.55,8.98,3,43.9
0.78904109589,0.208219178082,0.0027397260274,0.0,0.0,60.0,41.0,0.0,0.0027397260274,0.643835616438,0.0,0.350684931507,0.0027397260274,0.0615951669968,213016,5.8,21.5,11.7,51.4,75.3,3.0,1.7,14.3,0.6,5.1,31.5,47.6,22.1,2.77,85.5,39.0,11.3,54989,17.5,197.9,1014.69,8.4,4.0,17.8,11.2,16.61,46.86,27.55,8.98,3,43.9
0.646575342466,0.342465753425,0.0109589041096,0.0,0.0,75.0,44.0,0.0,0.0027397260274,0.632876712329,0.0,0.364383561644,0.0,0.0175546225941,213016,5.8,21.5,11.7,51.4,75.3,3.0,1.7,14.3,0.6,5.1,31.5,47.6,22.1,2.77,85.5,39.0,11.3,54989,17.5,197.9,1014.69,8.4,4.0,17.8,11.2,16.61,46.86,27.55,8.98,3,43.9
